CREATE DATABASE IF NOT EXISTS szerviz_nyilvantarto CHARACTER SET utf8mb4 COLLATE utf8mb4_hungarian_ci;
USE szerviz_nyilvantarto;

DROP TABLE IF EXISTS work_orders;
DROP TABLE IF EXISTS maintenance_records;
DROP TABLE IF EXISTS appointments;
DROP TABLE IF EXISTS equipment;
DROP TABLE IF EXISTS customers;

CREATE TABLE customers (
    id INT AUTO_INCREMENT PRIMARY KEY,
    name VARCHAR(120) NOT NULL,
    phone VARCHAR(40) NOT NULL,
    email VARCHAR(120) NOT NULL,
    address VARCHAR(180) NOT NULL,
    notes TEXT,
    created_at TIMESTAMP NOT NULL DEFAULT CURRENT_TIMESTAMP
) ENGINE=InnoDB;

CREATE TABLE equipment (
    id INT AUTO_INCREMENT PRIMARY KEY,
    customer_id INT NOT NULL,
    type ENUM('kazĂˇn', 'klĂ­ma', 'hĹ‘szivattyĂş', 'egyĂ©b') NOT NULL,
    name VARCHAR(120) NOT NULL,
    serial_number VARCHAR(80) NOT NULL,
    installation_date DATE NOT NULL,
    next_maintenance_date DATE NOT NULL,
    created_at TIMESTAMP NOT NULL DEFAULT CURRENT_TIMESTAMP,
    CONSTRAINT fk_equipment_customer
        FOREIGN KEY (customer_id) REFERENCES customers(id)
        ON DELETE CASCADE
) ENGINE=InnoDB;

CREATE TABLE appointments (
    id INT AUTO_INCREMENT PRIMARY KEY,
    customer_id INT NOT NULL,
    equipment_id INT NULL,
    appointment_at DATETIME NOT NULL,
    service_type VARCHAR(100) NOT NULL,
    status ENUM('tervezett', 'folyamatban', 'kĂ©sz', 'lemondva') NOT NULL DEFAULT 'tervezett',
    notes TEXT,
    created_at TIMESTAMP NOT NULL DEFAULT CURRENT_TIMESTAMP,
    CONSTRAINT fk_appointment_customer
        FOREIGN KEY (customer_id) REFERENCES customers(id)
        ON DELETE CASCADE,
    CONSTRAINT fk_appointment_equipment
        FOREIGN KEY (equipment_id) REFERENCES equipment(id)
        ON DELETE SET NULL
) ENGINE=InnoDB;

CREATE TABLE maintenance_records (
    id INT AUTO_INCREMENT PRIMARY KEY,
    equipment_id INT NOT NULL,
    service_date DATE NOT NULL,
    technician VARCHAR(100) NOT NULL,
    description TEXT NOT NULL,
    parts_used TEXT,
    cost DECIMAL(10,2) NOT NULL DEFAULT 0,
    created_at TIMESTAMP NOT NULL DEFAULT CURRENT_TIMESTAMP,
    CONSTRAINT fk_maintenance_equipment
        FOREIGN KEY (equipment_id) REFERENCES equipment(id)
        ON DELETE CASCADE
) ENGINE=InnoDB;

CREATE TABLE work_orders (
    id INT AUTO_INCREMENT PRIMARY KEY,
    appointment_id INT NOT NULL,
    work_order_number VARCHAR(40) NOT NULL UNIQUE,
    work_summary TEXT NOT NULL,
    materials TEXT,
    customer_signature VARCHAR(120),
    created_at TIMESTAMP NOT NULL DEFAULT CURRENT_TIMESTAMP,
    CONSTRAINT fk_work_order_appointment
        FOREIGN KEY (appointment_id) REFERENCES appointments(id)
        ON DELETE CASCADE
) ENGINE=InnoDB;

CREATE INDEX idx_equipment_next_maintenance ON equipment(next_maintenance_date);
CREATE INDEX idx_appointments_time ON appointments(appointment_at);


INSERT INTO customers (id, name, phone, email, address, notes) VALUES
(1, 'Kovacs Katalin', '+36 30 013 0097', 'ugyfel001@minta-szerviz.local', '1037 Nyiregyhaza, Dozsa Gyorgy ut 8.', 'Minta ugyfel: kazán berendezes tulajdonosa.'),
(2, 'Nagy Laszlo', '+36 40 026 0194', 'ugyfel002@minta-szerviz.local', '1074 Kecskemet, Jokai utca 15.', 'Minta ugyfel: kazán berendezes tulajdonosa.'),
(3, 'Toth Zsuzsa', '+36 20 039 0291', 'ugyfel003@minta-szerviz.local', '1111 Szekesfehervar, Kossuth utca 22.', 'Minta ugyfel: kazán berendezes tulajdonosa.'),
(4, 'Szabo Marton', '+36 30 052 0388', 'ugyfel004@minta-szerviz.local', '1148 Szombathely, Petofi utca 29.', 'Minta ugyfel: kazán berendezes tulajdonosa.'),
(5, 'Horvath Eva', '+36 40 065 0485', 'ugyfel005@minta-szerviz.local', '1185 Eger, Rakoczi ut 36.', 'Minta ugyfel: kazán berendezes tulajdonosa.'),
(6, 'Varga Balint', '+36 20 078 0582', 'ugyfel006@minta-szerviz.local', '1222 Veszprem, Fo utca 43.', 'Minta ugyfel: kazán berendezes tulajdonosa.'),
(7, 'Kiss Dora', '+36 30 091 0679', 'ugyfel007@minta-szerviz.local', '1259 Tatabanya, Ady Endre utca 50.', 'Minta ugyfel: kazán berendezes tulajdonosa.'),
(8, 'Molnar Miklos', '+36 40 104 0776', 'ugyfel008@minta-szerviz.local', '1296 Budaors, Beke utca 57.', 'Minta ugyfel: kazán berendezes tulajdonosa.'),
(9, 'Nemeth Noemi', '+36 20 117 0873', 'ugyfel009@minta-szerviz.local', '1333 Sopron, Szabadsag ter 64.', 'Minta ugyfel: kazán berendezes tulajdonosa.'),
(10, 'Farkas Andras', '+36 30 130 0970', 'ugyfel010@minta-szerviz.local', '1370 Budapest, Arany Janos utca 71.', 'Minta ugyfel: kazán berendezes tulajdonosa.'),
(11, 'Balogh Reka', '+36 40 143 1067', 'ugyfel011@minta-szerviz.local', '1407 Debrecen, Dozsa Gyorgy ut 78.', 'Minta ugyfel: kazán berendezes tulajdonosa.'),
(12, 'Papp Janos', '+36 20 156 1164', 'ugyfel012@minta-szerviz.local', '1444 Szeged, Jokai utca 85.', 'Minta ugyfel: kazán berendezes tulajdonosa.'),
(13, 'Takacs Lilla', '+36 30 169 1261', 'ugyfel013@minta-szerviz.local', '1481 Miskolc, Kossuth utca 92.', 'Minta ugyfel: kazán berendezes tulajdonosa.'),
(14, 'Juhasz Bence', '+36 40 182 1358', 'ugyfel014@minta-szerviz.local', '1518 Pecs, Petofi utca 99.', 'Minta ugyfel: kazán berendezes tulajdonosa.'),
(15, 'Lakatos Ildiko', '+36 20 195 1455', 'ugyfel015@minta-szerviz.local', '1555 Gyor, Rakoczi ut 106.', 'Minta ugyfel: kazán berendezes tulajdonosa.'),
(16, 'Meszaros David', '+36 30 208 1552', 'ugyfel016@minta-szerviz.local', '1592 Nyiregyhaza, Fo utca 113.', 'Minta ugyfel: kazán berendezes tulajdonosa.'),
(17, 'Olah Anna', '+36 40 221 1649', 'ugyfel017@minta-szerviz.local', '1629 Kecskemet, Ady Endre utca 120.', 'Minta ugyfel: kazán berendezes tulajdonosa.'),
(18, 'Simon Peter', '+36 20 234 1746', 'ugyfel018@minta-szerviz.local', '1666 Szekesfehervar, Beke utca 7.', 'Minta ugyfel: kazán berendezes tulajdonosa.'),
(19, 'Racz Eszter', '+36 30 247 1843', 'ugyfel019@minta-szerviz.local', '1703 Szombathely, Szabadsag ter 14.', 'Minta ugyfel: kazán berendezes tulajdonosa.'),
(20, 'Fekete Gabor', '+36 40 260 1940', 'ugyfel020@minta-szerviz.local', '1740 Eger, Arany Janos utca 21.', 'Minta ugyfel: kazán berendezes tulajdonosa.'),
(21, 'Szilagyi Katalin', '+36 20 273 2037', 'ugyfel021@minta-szerviz.local', '1777 Veszprem, Dozsa Gyorgy ut 28.', 'Minta ugyfel: kazán berendezes tulajdonosa.'),
(22, 'Tamas Laszlo', '+36 30 286 2134', 'ugyfel022@minta-szerviz.local', '1814 Tatabanya, Jokai utca 35.', 'Minta ugyfel: kazán berendezes tulajdonosa.'),
(23, 'Biro Zsuzsa', '+36 40 299 2231', 'ugyfel023@minta-szerviz.local', '1851 Budaors, Kossuth utca 42.', 'Minta ugyfel: kazán berendezes tulajdonosa.'),
(24, 'Sipos Marton', '+36 20 312 2328', 'ugyfel024@minta-szerviz.local', '1888 Sopron, Petofi utca 49.', 'Minta ugyfel: kazán berendezes tulajdonosa.'),
(25, 'Kelemen Eva', '+36 30 325 2425', 'ugyfel025@minta-szerviz.local', '1925 Budapest, Rakoczi ut 56.', 'Minta ugyfel: kazán berendezes tulajdonosa.'),
(26, 'Kovacs Balint', '+36 40 338 2522', 'ugyfel026@minta-szerviz.local', '1962 Debrecen, Fo utca 63.', 'Minta ugyfel: kazán berendezes tulajdonosa.'),
(27, 'Nagy Dora', '+36 20 351 2619', 'ugyfel027@minta-szerviz.local', '1999 Szeged, Ady Endre utca 70.', 'Minta ugyfel: kazán berendezes tulajdonosa.'),
(28, 'Toth Miklos', '+36 30 364 2716', 'ugyfel028@minta-szerviz.local', '2036 Miskolc, Beke utca 77.', 'Minta ugyfel: kazán berendezes tulajdonosa.'),
(29, 'Szabo Noemi', '+36 40 377 2813', 'ugyfel029@minta-szerviz.local', '2073 Pecs, Szabadsag ter 84.', 'Minta ugyfel: kazán berendezes tulajdonosa.'),
(30, 'Horvath Andras', '+36 20 390 2910', 'ugyfel030@minta-szerviz.local', '2110 Gyor, Arany Janos utca 91.', 'Minta ugyfel: kazán berendezes tulajdonosa.'),
(31, 'Varga Reka', '+36 30 403 3007', 'ugyfel031@minta-szerviz.local', '2147 Nyiregyhaza, Dozsa Gyorgy ut 98.', 'Minta ugyfel: kazán berendezes tulajdonosa.'),
(32, 'Kiss Janos', '+36 40 416 3104', 'ugyfel032@minta-szerviz.local', '2184 Kecskemet, Jokai utca 105.', 'Minta ugyfel: kazán berendezes tulajdonosa.'),
(33, 'Molnar Lilla', '+36 20 429 3201', 'ugyfel033@minta-szerviz.local', '2221 Szekesfehervar, Kossuth utca 112.', 'Minta ugyfel: kazán berendezes tulajdonosa.'),
(34, 'Nemeth Bence', '+36 30 442 3298', 'ugyfel034@minta-szerviz.local', '2258 Szombathely, Petofi utca 119.', 'Minta ugyfel: kazán berendezes tulajdonosa.'),
(35, 'Farkas Ildiko', '+36 40 455 3395', 'ugyfel035@minta-szerviz.local', '2295 Eger, Rakoczi ut 6.', 'Minta ugyfel: kazán berendezes tulajdonosa.'),
(36, 'Balogh David', '+36 20 468 3492', 'ugyfel036@minta-szerviz.local', '2332 Veszprem, Fo utca 13.', 'Minta ugyfel: kazán berendezes tulajdonosa.'),
(37, 'Papp Anna', '+36 30 481 3589', 'ugyfel037@minta-szerviz.local', '2369 Tatabanya, Ady Endre utca 20.', 'Minta ugyfel: kazán berendezes tulajdonosa.'),
(38, 'Takacs Peter', '+36 40 494 3686', 'ugyfel038@minta-szerviz.local', '2406 Budaors, Beke utca 27.', 'Minta ugyfel: kazán berendezes tulajdonosa.'),
(39, 'Juhasz Eszter', '+36 20 507 3783', 'ugyfel039@minta-szerviz.local', '2443 Sopron, Szabadsag ter 34.', 'Minta ugyfel: kazán berendezes tulajdonosa.'),
(40, 'Lakatos Gabor', '+36 30 520 3880', 'ugyfel040@minta-szerviz.local', '2480 Budapest, Arany Janos utca 41.', 'Minta ugyfel: kazán berendezes tulajdonosa.'),
(41, 'Meszaros Katalin', '+36 40 533 3977', 'ugyfel041@minta-szerviz.local', '2517 Debrecen, Dozsa Gyorgy ut 48.', 'Minta ugyfel: kazán berendezes tulajdonosa.'),
(42, 'Olah Laszlo', '+36 20 546 4074', 'ugyfel042@minta-szerviz.local', '2554 Szeged, Jokai utca 55.', 'Minta ugyfel: kazán berendezes tulajdonosa.'),
(43, 'Simon Zsuzsa', '+36 30 559 4171', 'ugyfel043@minta-szerviz.local', '2591 Miskolc, Kossuth utca 62.', 'Minta ugyfel: kazán berendezes tulajdonosa.'),
(44, 'Racz Marton', '+36 40 572 4268', 'ugyfel044@minta-szerviz.local', '2628 Pecs, Petofi utca 69.', 'Minta ugyfel: kazán berendezes tulajdonosa.'),
(45, 'Fekete Eva', '+36 20 585 4365', 'ugyfel045@minta-szerviz.local', '2665 Gyor, Rakoczi ut 76.', 'Minta ugyfel: kazán berendezes tulajdonosa.'),
(46, 'Szilagyi Balint', '+36 30 598 4462', 'ugyfel046@minta-szerviz.local', '2702 Nyiregyhaza, Fo utca 83.', 'Minta ugyfel: kazán berendezes tulajdonosa.'),
(47, 'Tamas Dora', '+36 40 611 4559', 'ugyfel047@minta-szerviz.local', '2739 Kecskemet, Ady Endre utca 90.', 'Minta ugyfel: kazán berendezes tulajdonosa.'),
(48, 'Biro Miklos', '+36 20 624 4656', 'ugyfel048@minta-szerviz.local', '2776 Szekesfehervar, Beke utca 97.', 'Minta ugyfel: kazán berendezes tulajdonosa.'),
(49, 'Sipos Noemi', '+36 30 637 4753', 'ugyfel049@minta-szerviz.local', '2813 Szombathely, Szabadsag ter 104.', 'Minta ugyfel: kazán berendezes tulajdonosa.'),
(50, 'Kelemen Andras', '+36 40 650 4850', 'ugyfel050@minta-szerviz.local', '2850 Eger, Arany Janos utca 111.', 'Minta ugyfel: kazán berendezes tulajdonosa.'),
(51, 'Kovacs Reka', '+36 20 663 4947', 'ugyfel051@minta-szerviz.local', '2887 Veszprem, Dozsa Gyorgy ut 118.', 'Minta ugyfel: klíma berendezes tulajdonosa.'),
(52, 'Nagy Janos', '+36 30 676 5044', 'ugyfel052@minta-szerviz.local', '2924 Tatabanya, Jokai utca 5.', 'Minta ugyfel: klíma berendezes tulajdonosa.'),
(53, 'Toth Lilla', '+36 40 689 5141', 'ugyfel053@minta-szerviz.local', '2961 Budaors, Kossuth utca 12.', 'Minta ugyfel: klíma berendezes tulajdonosa.'),
(54, 'Szabo Bence', '+36 20 702 5238', 'ugyfel054@minta-szerviz.local', '2998 Sopron, Petofi utca 19.', 'Minta ugyfel: klíma berendezes tulajdonosa.'),
(55, 'Horvath Ildiko', '+36 30 715 5335', 'ugyfel055@minta-szerviz.local', '3035 Budapest, Rakoczi ut 26.', 'Minta ugyfel: klíma berendezes tulajdonosa.'),
(56, 'Varga David', '+36 40 728 5432', 'ugyfel056@minta-szerviz.local', '3072 Debrecen, Fo utca 33.', 'Minta ugyfel: klíma berendezes tulajdonosa.'),
(57, 'Kiss Anna', '+36 20 741 5529', 'ugyfel057@minta-szerviz.local', '3109 Szeged, Ady Endre utca 40.', 'Minta ugyfel: klíma berendezes tulajdonosa.'),
(58, 'Molnar Peter', '+36 30 754 5626', 'ugyfel058@minta-szerviz.local', '3146 Miskolc, Beke utca 47.', 'Minta ugyfel: klíma berendezes tulajdonosa.'),
(59, 'Nemeth Eszter', '+36 40 767 5723', 'ugyfel059@minta-szerviz.local', '3183 Pecs, Szabadsag ter 54.', 'Minta ugyfel: klíma berendezes tulajdonosa.'),
(60, 'Farkas Gabor', '+36 20 780 5820', 'ugyfel060@minta-szerviz.local', '3220 Gyor, Arany Janos utca 61.', 'Minta ugyfel: klíma berendezes tulajdonosa.'),
(61, 'Balogh Katalin', '+36 30 793 5917', 'ugyfel061@minta-szerviz.local', '3257 Nyiregyhaza, Dozsa Gyorgy ut 68.', 'Minta ugyfel: klíma berendezes tulajdonosa.'),
(62, 'Papp Laszlo', '+36 40 806 6014', 'ugyfel062@minta-szerviz.local', '3294 Kecskemet, Jokai utca 75.', 'Minta ugyfel: klíma berendezes tulajdonosa.'),
(63, 'Takacs Zsuzsa', '+36 20 819 6111', 'ugyfel063@minta-szerviz.local', '3331 Szekesfehervar, Kossuth utca 82.', 'Minta ugyfel: klíma berendezes tulajdonosa.'),
(64, 'Juhasz Marton', '+36 30 832 6208', 'ugyfel064@minta-szerviz.local', '3368 Szombathely, Petofi utca 89.', 'Minta ugyfel: klíma berendezes tulajdonosa.'),
(65, 'Lakatos Eva', '+36 40 845 6305', 'ugyfel065@minta-szerviz.local', '3405 Eger, Rakoczi ut 96.', 'Minta ugyfel: klíma berendezes tulajdonosa.'),
(66, 'Meszaros Balint', '+36 20 858 6402', 'ugyfel066@minta-szerviz.local', '3442 Veszprem, Fo utca 103.', 'Minta ugyfel: klíma berendezes tulajdonosa.'),
(67, 'Olah Dora', '+36 30 871 6499', 'ugyfel067@minta-szerviz.local', '3479 Tatabanya, Ady Endre utca 110.', 'Minta ugyfel: klíma berendezes tulajdonosa.'),
(68, 'Simon Miklos', '+36 40 884 6596', 'ugyfel068@minta-szerviz.local', '3516 Budaors, Beke utca 117.', 'Minta ugyfel: klíma berendezes tulajdonosa.'),
(69, 'Racz Noemi', '+36 20 897 6693', 'ugyfel069@minta-szerviz.local', '3553 Sopron, Szabadsag ter 4.', 'Minta ugyfel: klíma berendezes tulajdonosa.'),
(70, 'Fekete Andras', '+36 30 910 6790', 'ugyfel070@minta-szerviz.local', '3590 Budapest, Arany Janos utca 11.', 'Minta ugyfel: klíma berendezes tulajdonosa.'),
(71, 'Szilagyi Reka', '+36 40 923 6887', 'ugyfel071@minta-szerviz.local', '3627 Debrecen, Dozsa Gyorgy ut 18.', 'Minta ugyfel: klíma berendezes tulajdonosa.'),
(72, 'Tamas Janos', '+36 20 936 6984', 'ugyfel072@minta-szerviz.local', '3664 Szeged, Jokai utca 25.', 'Minta ugyfel: klíma berendezes tulajdonosa.'),
(73, 'Biro Lilla', '+36 30 949 7081', 'ugyfel073@minta-szerviz.local', '3701 Miskolc, Kossuth utca 32.', 'Minta ugyfel: klíma berendezes tulajdonosa.'),
(74, 'Sipos Bence', '+36 40 962 7178', 'ugyfel074@minta-szerviz.local', '3738 Pecs, Petofi utca 39.', 'Minta ugyfel: klíma berendezes tulajdonosa.'),
(75, 'Kelemen Ildiko', '+36 20 975 7275', 'ugyfel075@minta-szerviz.local', '3775 Gyor, Rakoczi ut 46.', 'Minta ugyfel: klíma berendezes tulajdonosa.'),
(76, 'Kovacs David', '+36 30 988 7372', 'ugyfel076@minta-szerviz.local', '3812 Nyiregyhaza, Fo utca 53.', 'Minta ugyfel: klíma berendezes tulajdonosa.'),
(77, 'Nagy Anna', '+36 40 001 7469', 'ugyfel077@minta-szerviz.local', '3849 Kecskemet, Ady Endre utca 60.', 'Minta ugyfel: klíma berendezes tulajdonosa.'),
(78, 'Toth Peter', '+36 20 014 7566', 'ugyfel078@minta-szerviz.local', '3886 Szekesfehervar, Beke utca 67.', 'Minta ugyfel: klíma berendezes tulajdonosa.'),
(79, 'Szabo Eszter', '+36 30 027 7663', 'ugyfel079@minta-szerviz.local', '3923 Szombathely, Szabadsag ter 74.', 'Minta ugyfel: klíma berendezes tulajdonosa.'),
(80, 'Horvath Gabor', '+36 40 040 7760', 'ugyfel080@minta-szerviz.local', '3960 Eger, Arany Janos utca 81.', 'Minta ugyfel: klíma berendezes tulajdonosa.'),
(81, 'Varga Katalin', '+36 20 053 7857', 'ugyfel081@minta-szerviz.local', '3997 Veszprem, Dozsa Gyorgy ut 88.', 'Minta ugyfel: klíma berendezes tulajdonosa.'),
(82, 'Kiss Laszlo', '+36 30 066 7954', 'ugyfel082@minta-szerviz.local', '4034 Tatabanya, Jokai utca 95.', 'Minta ugyfel: klíma berendezes tulajdonosa.'),
(83, 'Molnar Zsuzsa', '+36 40 079 8051', 'ugyfel083@minta-szerviz.local', '4071 Budaors, Kossuth utca 102.', 'Minta ugyfel: klíma berendezes tulajdonosa.'),
(84, 'Nemeth Marton', '+36 20 092 8148', 'ugyfel084@minta-szerviz.local', '4108 Sopron, Petofi utca 109.', 'Minta ugyfel: klíma berendezes tulajdonosa.'),
(85, 'Farkas Eva', '+36 30 105 8245', 'ugyfel085@minta-szerviz.local', '4145 Budapest, Rakoczi ut 116.', 'Minta ugyfel: klíma berendezes tulajdonosa.'),
(86, 'Balogh Balint', '+36 40 118 8342', 'ugyfel086@minta-szerviz.local', '4182 Debrecen, Fo utca 3.', 'Minta ugyfel: klíma berendezes tulajdonosa.'),
(87, 'Papp Dora', '+36 20 131 8439', 'ugyfel087@minta-szerviz.local', '4219 Szeged, Ady Endre utca 10.', 'Minta ugyfel: klíma berendezes tulajdonosa.'),
(88, 'Takacs Miklos', '+36 30 144 8536', 'ugyfel088@minta-szerviz.local', '4256 Miskolc, Beke utca 17.', 'Minta ugyfel: klíma berendezes tulajdonosa.'),
(89, 'Juhasz Noemi', '+36 40 157 8633', 'ugyfel089@minta-szerviz.local', '4293 Pecs, Szabadsag ter 24.', 'Minta ugyfel: klíma berendezes tulajdonosa.'),
(90, 'Lakatos Andras', '+36 20 170 8730', 'ugyfel090@minta-szerviz.local', '4330 Gyor, Arany Janos utca 31.', 'Minta ugyfel: klíma berendezes tulajdonosa.'),
(91, 'Meszaros Reka', '+36 30 183 8827', 'ugyfel091@minta-szerviz.local', '4367 Nyiregyhaza, Dozsa Gyorgy ut 38.', 'Minta ugyfel: klíma berendezes tulajdonosa.'),
(92, 'Olah Janos', '+36 40 196 8924', 'ugyfel092@minta-szerviz.local', '4404 Kecskemet, Jokai utca 45.', 'Minta ugyfel: klíma berendezes tulajdonosa.'),
(93, 'Simon Lilla', '+36 20 209 9021', 'ugyfel093@minta-szerviz.local', '4441 Szekesfehervar, Kossuth utca 52.', 'Minta ugyfel: klíma berendezes tulajdonosa.'),
(94, 'Racz Bence', '+36 30 222 9118', 'ugyfel094@minta-szerviz.local', '4478 Szombathely, Petofi utca 59.', 'Minta ugyfel: klíma berendezes tulajdonosa.'),
(95, 'Fekete Ildiko', '+36 40 235 9215', 'ugyfel095@minta-szerviz.local', '4515 Eger, Rakoczi ut 66.', 'Minta ugyfel: klíma berendezes tulajdonosa.'),
(96, 'Szilagyi David', '+36 20 248 9312', 'ugyfel096@minta-szerviz.local', '4552 Veszprem, Fo utca 73.', 'Minta ugyfel: klíma berendezes tulajdonosa.'),
(97, 'Tamas Anna', '+36 30 261 9409', 'ugyfel097@minta-szerviz.local', '4589 Tatabanya, Ady Endre utca 80.', 'Minta ugyfel: klíma berendezes tulajdonosa.'),
(98, 'Biro Peter', '+36 40 274 9506', 'ugyfel098@minta-szerviz.local', '4626 Budaors, Beke utca 87.', 'Minta ugyfel: klíma berendezes tulajdonosa.'),
(99, 'Sipos Eszter', '+36 20 287 9603', 'ugyfel099@minta-szerviz.local', '4663 Sopron, Szabadsag ter 94.', 'Minta ugyfel: klíma berendezes tulajdonosa.'),
(100, 'Kelemen Gabor', '+36 30 300 9700', 'ugyfel100@minta-szerviz.local', '4700 Budapest, Arany Janos utca 101.', 'Minta ugyfel: klíma berendezes tulajdonosa.'),
(101, 'Kovacs Katalin', '+36 40 313 9797', 'ugyfel101@minta-szerviz.local', '4737 Debrecen, Dozsa Gyorgy ut 108.', 'Minta ugyfel: hőszivattyú berendezes tulajdonosa.'),
(102, 'Nagy Laszlo', '+36 20 326 9894', 'ugyfel102@minta-szerviz.local', '4774 Szeged, Jokai utca 115.', 'Minta ugyfel: hőszivattyú berendezes tulajdonosa.'),
(103, 'Toth Zsuzsa', '+36 30 339 9991', 'ugyfel103@minta-szerviz.local', '4811 Miskolc, Kossuth utca 2.', 'Minta ugyfel: hőszivattyú berendezes tulajdonosa.'),
(104, 'Szabo Marton', '+36 40 352 0088', 'ugyfel104@minta-szerviz.local', '4848 Pecs, Petofi utca 9.', 'Minta ugyfel: hőszivattyú berendezes tulajdonosa.'),
(105, 'Horvath Eva', '+36 20 365 0185', 'ugyfel105@minta-szerviz.local', '4885 Gyor, Rakoczi ut 16.', 'Minta ugyfel: hőszivattyú berendezes tulajdonosa.'),
(106, 'Varga Balint', '+36 30 378 0282', 'ugyfel106@minta-szerviz.local', '4922 Nyiregyhaza, Fo utca 23.', 'Minta ugyfel: hőszivattyú berendezes tulajdonosa.'),
(107, 'Kiss Dora', '+36 40 391 0379', 'ugyfel107@minta-szerviz.local', '4959 Kecskemet, Ady Endre utca 30.', 'Minta ugyfel: hőszivattyú berendezes tulajdonosa.'),
(108, 'Molnar Miklos', '+36 20 404 0476', 'ugyfel108@minta-szerviz.local', '4996 Szekesfehervar, Beke utca 37.', 'Minta ugyfel: hőszivattyú berendezes tulajdonosa.'),
(109, 'Nemeth Noemi', '+36 30 417 0573', 'ugyfel109@minta-szerviz.local', '5033 Szombathely, Szabadsag ter 44.', 'Minta ugyfel: hőszivattyú berendezes tulajdonosa.'),
(110, 'Farkas Andras', '+36 40 430 0670', 'ugyfel110@minta-szerviz.local', '5070 Eger, Arany Janos utca 51.', 'Minta ugyfel: hőszivattyú berendezes tulajdonosa.'),
(111, 'Balogh Reka', '+36 20 443 0767', 'ugyfel111@minta-szerviz.local', '5107 Veszprem, Dozsa Gyorgy ut 58.', 'Minta ugyfel: hőszivattyú berendezes tulajdonosa.'),
(112, 'Papp Janos', '+36 30 456 0864', 'ugyfel112@minta-szerviz.local', '5144 Tatabanya, Jokai utca 65.', 'Minta ugyfel: hőszivattyú berendezes tulajdonosa.'),
(113, 'Takacs Lilla', '+36 40 469 0961', 'ugyfel113@minta-szerviz.local', '5181 Budaors, Kossuth utca 72.', 'Minta ugyfel: hőszivattyú berendezes tulajdonosa.'),
(114, 'Juhasz Bence', '+36 20 482 1058', 'ugyfel114@minta-szerviz.local', '5218 Sopron, Petofi utca 79.', 'Minta ugyfel: hőszivattyú berendezes tulajdonosa.'),
(115, 'Lakatos Ildiko', '+36 30 495 1155', 'ugyfel115@minta-szerviz.local', '5255 Budapest, Rakoczi ut 86.', 'Minta ugyfel: hőszivattyú berendezes tulajdonosa.'),
(116, 'Meszaros David', '+36 40 508 1252', 'ugyfel116@minta-szerviz.local', '5292 Debrecen, Fo utca 93.', 'Minta ugyfel: hőszivattyú berendezes tulajdonosa.'),
(117, 'Olah Anna', '+36 20 521 1349', 'ugyfel117@minta-szerviz.local', '5329 Szeged, Ady Endre utca 100.', 'Minta ugyfel: hőszivattyú berendezes tulajdonosa.'),
(118, 'Simon Peter', '+36 30 534 1446', 'ugyfel118@minta-szerviz.local', '5366 Miskolc, Beke utca 107.', 'Minta ugyfel: hőszivattyú berendezes tulajdonosa.'),
(119, 'Racz Eszter', '+36 40 547 1543', 'ugyfel119@minta-szerviz.local', '5403 Pecs, Szabadsag ter 114.', 'Minta ugyfel: hőszivattyú berendezes tulajdonosa.'),
(120, 'Fekete Gabor', '+36 20 560 1640', 'ugyfel120@minta-szerviz.local', '5440 Gyor, Arany Janos utca 1.', 'Minta ugyfel: hőszivattyú berendezes tulajdonosa.'),
(121, 'Szilagyi Katalin', '+36 30 573 1737', 'ugyfel121@minta-szerviz.local', '5477 Nyiregyhaza, Dozsa Gyorgy ut 8.', 'Minta ugyfel: hőszivattyú berendezes tulajdonosa.'),
(122, 'Tamas Laszlo', '+36 40 586 1834', 'ugyfel122@minta-szerviz.local', '5514 Kecskemet, Jokai utca 15.', 'Minta ugyfel: hőszivattyú berendezes tulajdonosa.'),
(123, 'Biro Zsuzsa', '+36 20 599 1931', 'ugyfel123@minta-szerviz.local', '5551 Szekesfehervar, Kossuth utca 22.', 'Minta ugyfel: hőszivattyú berendezes tulajdonosa.'),
(124, 'Sipos Marton', '+36 30 612 2028', 'ugyfel124@minta-szerviz.local', '5588 Szombathely, Petofi utca 29.', 'Minta ugyfel: hőszivattyú berendezes tulajdonosa.'),
(125, 'Kelemen Eva', '+36 40 625 2125', 'ugyfel125@minta-szerviz.local', '5625 Eger, Rakoczi ut 36.', 'Minta ugyfel: hőszivattyú berendezes tulajdonosa.'),
(126, 'Kovacs Balint', '+36 20 638 2222', 'ugyfel126@minta-szerviz.local', '5662 Veszprem, Fo utca 43.', 'Minta ugyfel: hőszivattyú berendezes tulajdonosa.'),
(127, 'Nagy Dora', '+36 30 651 2319', 'ugyfel127@minta-szerviz.local', '5699 Tatabanya, Ady Endre utca 50.', 'Minta ugyfel: hőszivattyú berendezes tulajdonosa.'),
(128, 'Toth Miklos', '+36 40 664 2416', 'ugyfel128@minta-szerviz.local', '5736 Budaors, Beke utca 57.', 'Minta ugyfel: hőszivattyú berendezes tulajdonosa.'),
(129, 'Szabo Noemi', '+36 20 677 2513', 'ugyfel129@minta-szerviz.local', '5773 Sopron, Szabadsag ter 64.', 'Minta ugyfel: hőszivattyú berendezes tulajdonosa.'),
(130, 'Horvath Andras', '+36 30 690 2610', 'ugyfel130@minta-szerviz.local', '5810 Budapest, Arany Janos utca 71.', 'Minta ugyfel: hőszivattyú berendezes tulajdonosa.'),
(131, 'Varga Reka', '+36 40 703 2707', 'ugyfel131@minta-szerviz.local', '5847 Debrecen, Dozsa Gyorgy ut 78.', 'Minta ugyfel: hőszivattyú berendezes tulajdonosa.'),
(132, 'Kiss Janos', '+36 20 716 2804', 'ugyfel132@minta-szerviz.local', '5884 Szeged, Jokai utca 85.', 'Minta ugyfel: hőszivattyú berendezes tulajdonosa.'),
(133, 'Molnar Lilla', '+36 30 729 2901', 'ugyfel133@minta-szerviz.local', '5921 Miskolc, Kossuth utca 92.', 'Minta ugyfel: hőszivattyú berendezes tulajdonosa.'),
(134, 'Nemeth Bence', '+36 40 742 2998', 'ugyfel134@minta-szerviz.local', '5958 Pecs, Petofi utca 99.', 'Minta ugyfel: hőszivattyú berendezes tulajdonosa.'),
(135, 'Farkas Ildiko', '+36 20 755 3095', 'ugyfel135@minta-szerviz.local', '5995 Gyor, Rakoczi ut 106.', 'Minta ugyfel: hőszivattyú berendezes tulajdonosa.'),
(136, 'Balogh David', '+36 30 768 3192', 'ugyfel136@minta-szerviz.local', '6032 Nyiregyhaza, Fo utca 113.', 'Minta ugyfel: hőszivattyú berendezes tulajdonosa.'),
(137, 'Papp Anna', '+36 40 781 3289', 'ugyfel137@minta-szerviz.local', '6069 Kecskemet, Ady Endre utca 120.', 'Minta ugyfel: hőszivattyú berendezes tulajdonosa.'),
(138, 'Takacs Peter', '+36 20 794 3386', 'ugyfel138@minta-szerviz.local', '6106 Szekesfehervar, Beke utca 7.', 'Minta ugyfel: hőszivattyú berendezes tulajdonosa.'),
(139, 'Juhasz Eszter', '+36 30 807 3483', 'ugyfel139@minta-szerviz.local', '6143 Szombathely, Szabadsag ter 14.', 'Minta ugyfel: hőszivattyú berendezes tulajdonosa.'),
(140, 'Lakatos Gabor', '+36 40 820 3580', 'ugyfel140@minta-szerviz.local', '6180 Eger, Arany Janos utca 21.', 'Minta ugyfel: hőszivattyú berendezes tulajdonosa.'),
(141, 'Meszaros Katalin', '+36 20 833 3677', 'ugyfel141@minta-szerviz.local', '6217 Veszprem, Dozsa Gyorgy ut 28.', 'Minta ugyfel: hőszivattyú berendezes tulajdonosa.'),
(142, 'Olah Laszlo', '+36 30 846 3774', 'ugyfel142@minta-szerviz.local', '6254 Tatabanya, Jokai utca 35.', 'Minta ugyfel: hőszivattyú berendezes tulajdonosa.'),
(143, 'Simon Zsuzsa', '+36 40 859 3871', 'ugyfel143@minta-szerviz.local', '6291 Budaors, Kossuth utca 42.', 'Minta ugyfel: hőszivattyú berendezes tulajdonosa.'),
(144, 'Racz Marton', '+36 20 872 3968', 'ugyfel144@minta-szerviz.local', '6328 Sopron, Petofi utca 49.', 'Minta ugyfel: hőszivattyú berendezes tulajdonosa.'),
(145, 'Fekete Eva', '+36 30 885 4065', 'ugyfel145@minta-szerviz.local', '6365 Budapest, Rakoczi ut 56.', 'Minta ugyfel: hőszivattyú berendezes tulajdonosa.'),
(146, 'Szilagyi Balint', '+36 40 898 4162', 'ugyfel146@minta-szerviz.local', '6402 Debrecen, Fo utca 63.', 'Minta ugyfel: hőszivattyú berendezes tulajdonosa.'),
(147, 'Tamas Dora', '+36 20 911 4259', 'ugyfel147@minta-szerviz.local', '6439 Szeged, Ady Endre utca 70.', 'Minta ugyfel: hőszivattyú berendezes tulajdonosa.'),
(148, 'Biro Miklos', '+36 30 924 4356', 'ugyfel148@minta-szerviz.local', '6476 Miskolc, Beke utca 77.', 'Minta ugyfel: hőszivattyú berendezes tulajdonosa.'),
(149, 'Sipos Noemi', '+36 40 937 4453', 'ugyfel149@minta-szerviz.local', '6513 Pecs, Szabadsag ter 84.', 'Minta ugyfel: hőszivattyú berendezes tulajdonosa.'),
(150, 'Kelemen Andras', '+36 20 950 4550', 'ugyfel150@minta-szerviz.local', '6550 Gyor, Arany Janos utca 91.', 'Minta ugyfel: hőszivattyú berendezes tulajdonosa.'),
(151, 'Kovacs Reka', '+36 30 963 4647', 'ugyfel151@minta-szerviz.local', '6587 Nyiregyhaza, Dozsa Gyorgy ut 98.', 'Minta ugyfel: egyéb berendezes tulajdonosa.'),
(152, 'Nagy Janos', '+36 40 976 4744', 'ugyfel152@minta-szerviz.local', '6624 Kecskemet, Jokai utca 105.', 'Minta ugyfel: egyéb berendezes tulajdonosa.'),
(153, 'Toth Lilla', '+36 20 989 4841', 'ugyfel153@minta-szerviz.local', '6661 Szekesfehervar, Kossuth utca 112.', 'Minta ugyfel: egyéb berendezes tulajdonosa.'),
(154, 'Szabo Bence', '+36 30 002 4938', 'ugyfel154@minta-szerviz.local', '6698 Szombathely, Petofi utca 119.', 'Minta ugyfel: egyéb berendezes tulajdonosa.'),
(155, 'Horvath Ildiko', '+36 40 015 5035', 'ugyfel155@minta-szerviz.local', '6735 Eger, Rakoczi ut 6.', 'Minta ugyfel: egyéb berendezes tulajdonosa.'),
(156, 'Varga David', '+36 20 028 5132', 'ugyfel156@minta-szerviz.local', '6772 Veszprem, Fo utca 13.', 'Minta ugyfel: egyéb berendezes tulajdonosa.'),
(157, 'Kiss Anna', '+36 30 041 5229', 'ugyfel157@minta-szerviz.local', '6809 Tatabanya, Ady Endre utca 20.', 'Minta ugyfel: egyéb berendezes tulajdonosa.'),
(158, 'Molnar Peter', '+36 40 054 5326', 'ugyfel158@minta-szerviz.local', '6846 Budaors, Beke utca 27.', 'Minta ugyfel: egyéb berendezes tulajdonosa.'),
(159, 'Nemeth Eszter', '+36 20 067 5423', 'ugyfel159@minta-szerviz.local', '6883 Sopron, Szabadsag ter 34.', 'Minta ugyfel: egyéb berendezes tulajdonosa.'),
(160, 'Farkas Gabor', '+36 30 080 5520', 'ugyfel160@minta-szerviz.local', '6920 Budapest, Arany Janos utca 41.', 'Minta ugyfel: egyéb berendezes tulajdonosa.'),
(161, 'Balogh Katalin', '+36 40 093 5617', 'ugyfel161@minta-szerviz.local', '6957 Debrecen, Dozsa Gyorgy ut 48.', 'Minta ugyfel: egyéb berendezes tulajdonosa.'),
(162, 'Papp Laszlo', '+36 20 106 5714', 'ugyfel162@minta-szerviz.local', '6994 Szeged, Jokai utca 55.', 'Minta ugyfel: egyéb berendezes tulajdonosa.'),
(163, 'Takacs Zsuzsa', '+36 30 119 5811', 'ugyfel163@minta-szerviz.local', '7031 Miskolc, Kossuth utca 62.', 'Minta ugyfel: egyéb berendezes tulajdonosa.'),
(164, 'Juhasz Marton', '+36 40 132 5908', 'ugyfel164@minta-szerviz.local', '7068 Pecs, Petofi utca 69.', 'Minta ugyfel: egyéb berendezes tulajdonosa.'),
(165, 'Lakatos Eva', '+36 20 145 6005', 'ugyfel165@minta-szerviz.local', '7105 Gyor, Rakoczi ut 76.', 'Minta ugyfel: egyéb berendezes tulajdonosa.'),
(166, 'Meszaros Balint', '+36 30 158 6102', 'ugyfel166@minta-szerviz.local', '7142 Nyiregyhaza, Fo utca 83.', 'Minta ugyfel: egyéb berendezes tulajdonosa.'),
(167, 'Olah Dora', '+36 40 171 6199', 'ugyfel167@minta-szerviz.local', '7179 Kecskemet, Ady Endre utca 90.', 'Minta ugyfel: egyéb berendezes tulajdonosa.'),
(168, 'Simon Miklos', '+36 20 184 6296', 'ugyfel168@minta-szerviz.local', '7216 Szekesfehervar, Beke utca 97.', 'Minta ugyfel: egyéb berendezes tulajdonosa.'),
(169, 'Racz Noemi', '+36 30 197 6393', 'ugyfel169@minta-szerviz.local', '7253 Szombathely, Szabadsag ter 104.', 'Minta ugyfel: egyéb berendezes tulajdonosa.'),
(170, 'Fekete Andras', '+36 40 210 6490', 'ugyfel170@minta-szerviz.local', '7290 Eger, Arany Janos utca 111.', 'Minta ugyfel: egyéb berendezes tulajdonosa.'),
(171, 'Szilagyi Reka', '+36 20 223 6587', 'ugyfel171@minta-szerviz.local', '7327 Veszprem, Dozsa Gyorgy ut 118.', 'Minta ugyfel: egyéb berendezes tulajdonosa.'),
(172, 'Tamas Janos', '+36 30 236 6684', 'ugyfel172@minta-szerviz.local', '7364 Tatabanya, Jokai utca 5.', 'Minta ugyfel: egyéb berendezes tulajdonosa.'),
(173, 'Biro Lilla', '+36 40 249 6781', 'ugyfel173@minta-szerviz.local', '7401 Budaors, Kossuth utca 12.', 'Minta ugyfel: egyéb berendezes tulajdonosa.'),
(174, 'Sipos Bence', '+36 20 262 6878', 'ugyfel174@minta-szerviz.local', '7438 Sopron, Petofi utca 19.', 'Minta ugyfel: egyéb berendezes tulajdonosa.'),
(175, 'Kelemen Ildiko', '+36 30 275 6975', 'ugyfel175@minta-szerviz.local', '7475 Budapest, Rakoczi ut 26.', 'Minta ugyfel: egyéb berendezes tulajdonosa.'),
(176, 'Kovacs David', '+36 40 288 7072', 'ugyfel176@minta-szerviz.local', '7512 Debrecen, Fo utca 33.', 'Minta ugyfel: egyéb berendezes tulajdonosa.'),
(177, 'Nagy Anna', '+36 20 301 7169', 'ugyfel177@minta-szerviz.local', '7549 Szeged, Ady Endre utca 40.', 'Minta ugyfel: egyéb berendezes tulajdonosa.'),
(178, 'Toth Peter', '+36 30 314 7266', 'ugyfel178@minta-szerviz.local', '7586 Miskolc, Beke utca 47.', 'Minta ugyfel: egyéb berendezes tulajdonosa.'),
(179, 'Szabo Eszter', '+36 40 327 7363', 'ugyfel179@minta-szerviz.local', '7623 Pecs, Szabadsag ter 54.', 'Minta ugyfel: egyéb berendezes tulajdonosa.'),
(180, 'Horvath Gabor', '+36 20 340 7460', 'ugyfel180@minta-szerviz.local', '7660 Gyor, Arany Janos utca 61.', 'Minta ugyfel: egyéb berendezes tulajdonosa.'),
(181, 'Varga Katalin', '+36 30 353 7557', 'ugyfel181@minta-szerviz.local', '7697 Nyiregyhaza, Dozsa Gyorgy ut 68.', 'Minta ugyfel: egyéb berendezes tulajdonosa.'),
(182, 'Kiss Laszlo', '+36 40 366 7654', 'ugyfel182@minta-szerviz.local', '7734 Kecskemet, Jokai utca 75.', 'Minta ugyfel: egyéb berendezes tulajdonosa.'),
(183, 'Molnar Zsuzsa', '+36 20 379 7751', 'ugyfel183@minta-szerviz.local', '7771 Szekesfehervar, Kossuth utca 82.', 'Minta ugyfel: egyéb berendezes tulajdonosa.'),
(184, 'Nemeth Marton', '+36 30 392 7848', 'ugyfel184@minta-szerviz.local', '7808 Szombathely, Petofi utca 89.', 'Minta ugyfel: egyéb berendezes tulajdonosa.'),
(185, 'Farkas Eva', '+36 40 405 7945', 'ugyfel185@minta-szerviz.local', '7845 Eger, Rakoczi ut 96.', 'Minta ugyfel: egyéb berendezes tulajdonosa.'),
(186, 'Balogh Balint', '+36 20 418 8042', 'ugyfel186@minta-szerviz.local', '7882 Veszprem, Fo utca 103.', 'Minta ugyfel: egyéb berendezes tulajdonosa.'),
(187, 'Papp Dora', '+36 30 431 8139', 'ugyfel187@minta-szerviz.local', '7919 Tatabanya, Ady Endre utca 110.', 'Minta ugyfel: egyéb berendezes tulajdonosa.'),
(188, 'Takacs Miklos', '+36 40 444 8236', 'ugyfel188@minta-szerviz.local', '7956 Budaors, Beke utca 117.', 'Minta ugyfel: egyéb berendezes tulajdonosa.'),
(189, 'Juhasz Noemi', '+36 20 457 8333', 'ugyfel189@minta-szerviz.local', '7993 Sopron, Szabadsag ter 4.', 'Minta ugyfel: egyéb berendezes tulajdonosa.'),
(190, 'Lakatos Andras', '+36 30 470 8430', 'ugyfel190@minta-szerviz.local', '8030 Budapest, Arany Janos utca 11.', 'Minta ugyfel: egyéb berendezes tulajdonosa.'),
(191, 'Meszaros Reka', '+36 40 483 8527', 'ugyfel191@minta-szerviz.local', '8067 Debrecen, Dozsa Gyorgy ut 18.', 'Minta ugyfel: egyéb berendezes tulajdonosa.'),
(192, 'Olah Janos', '+36 20 496 8624', 'ugyfel192@minta-szerviz.local', '8104 Szeged, Jokai utca 25.', 'Minta ugyfel: egyéb berendezes tulajdonosa.'),
(193, 'Simon Lilla', '+36 30 509 8721', 'ugyfel193@minta-szerviz.local', '8141 Miskolc, Kossuth utca 32.', 'Minta ugyfel: egyéb berendezes tulajdonosa.'),
(194, 'Racz Bence', '+36 40 522 8818', 'ugyfel194@minta-szerviz.local', '8178 Pecs, Petofi utca 39.', 'Minta ugyfel: egyéb berendezes tulajdonosa.'),
(195, 'Fekete Ildiko', '+36 20 535 8915', 'ugyfel195@minta-szerviz.local', '8215 Gyor, Rakoczi ut 46.', 'Minta ugyfel: egyéb berendezes tulajdonosa.'),
(196, 'Szilagyi David', '+36 30 548 9012', 'ugyfel196@minta-szerviz.local', '8252 Nyiregyhaza, Fo utca 53.', 'Minta ugyfel: egyéb berendezes tulajdonosa.'),
(197, 'Tamas Anna', '+36 40 561 9109', 'ugyfel197@minta-szerviz.local', '8289 Kecskemet, Ady Endre utca 60.', 'Minta ugyfel: egyéb berendezes tulajdonosa.'),
(198, 'Biro Peter', '+36 20 574 9206', 'ugyfel198@minta-szerviz.local', '8326 Szekesfehervar, Beke utca 67.', 'Minta ugyfel: egyéb berendezes tulajdonosa.'),
(199, 'Sipos Eszter', '+36 30 587 9303', 'ugyfel199@minta-szerviz.local', '8363 Szombathely, Szabadsag ter 74.', 'Minta ugyfel: egyéb berendezes tulajdonosa.'),
(200, 'Kelemen Gabor', '+36 40 600 9400', 'ugyfel200@minta-szerviz.local', '8400 Eger, Arany Janos utca 81.', 'Minta ugyfel: egyéb berendezes tulajdonosa.');

INSERT INTO equipment (id, customer_id, type, name, serial_number, installation_date, next_maintenance_date) VALUES
(1, 1, 'kazán', 'Bosch Condens 2300i W', 'KAZ-0001-0041', '2019-02-02', '2026-05-03'),
(2, 2, 'kazán', 'Ariston Clas One 24', 'KAZ-0002-0082', '2020-03-03', '2026-06-05'),
(3, 3, 'kazán', 'Vaillant ecoTEC Pure', 'KAZ-0003-0123', '2021-04-04', '2026-07-07'),
(4, 4, 'kazán', 'Baxi Luna Duo-tec', 'KAZ-0004-0164', '2022-05-05', '2026-08-09'),
(5, 5, 'kazán', 'Immergas Victrix Tera', 'KAZ-0005-0205', '2023-06-06', '2026-09-11'),
(6, 6, 'kazán', 'Bosch Condens 2300i W', 'KAZ-0006-0246', '2024-07-07', '2026-10-13'),
(7, 7, 'kazán', 'Ariston Clas One 24', 'KAZ-0007-0287', '2018-08-08', '2026-11-15'),
(8, 8, 'kazán', 'Vaillant ecoTEC Pure', 'KAZ-0008-0328', '2019-09-09', '2026-12-17'),
(9, 9, 'kazán', 'Baxi Luna Duo-tec', 'KAZ-0009-0369', '2020-10-10', '2026-01-19'),
(10, 10, 'kazán', 'Immergas Victrix Tera', 'KAZ-0010-0410', '2021-11-11', '2026-02-21'),
(11, 11, 'kazán', 'Bosch Condens 2300i W', 'KAZ-0011-0451', '2022-12-12', '2026-03-23'),
(12, 12, 'kazán', 'Ariston Clas One 24', 'KAZ-0012-0492', '2023-01-13', '2026-04-25'),
(13, 13, 'kazán', 'Vaillant ecoTEC Pure', 'KAZ-0013-0533', '2024-02-14', '2026-05-01'),
(14, 14, 'kazán', 'Baxi Luna Duo-tec', 'KAZ-0014-0574', '2018-03-15', '2026-06-03'),
(15, 15, 'kazán', 'Immergas Victrix Tera', 'KAZ-0015-0615', '2019-04-16', '2026-07-05'),
(16, 16, 'kazán', 'Bosch Condens 2300i W', 'KAZ-0016-0656', '2020-05-17', '2026-08-07'),
(17, 17, 'kazán', 'Ariston Clas One 24', 'KAZ-0017-0697', '2021-06-18', '2026-09-09'),
(18, 18, 'kazán', 'Vaillant ecoTEC Pure', 'KAZ-0018-0738', '2022-07-19', '2026-10-11'),
(19, 19, 'kazán', 'Baxi Luna Duo-tec', 'KAZ-0019-0779', '2023-08-20', '2026-11-13'),
(20, 20, 'kazán', 'Immergas Victrix Tera', 'KAZ-0020-0820', '2024-09-21', '2026-12-15'),
(21, 21, 'kazán', 'Bosch Condens 2300i W', 'KAZ-0021-0861', '2018-10-22', '2026-01-17'),
(22, 22, 'kazán', 'Ariston Clas One 24', 'KAZ-0022-0902', '2019-11-23', '2026-02-19'),
(23, 23, 'kazán', 'Vaillant ecoTEC Pure', 'KAZ-0023-0943', '2020-12-24', '2026-03-21'),
(24, 24, 'kazán', 'Baxi Luna Duo-tec', 'KAZ-0024-0984', '2021-01-25', '2026-04-23'),
(25, 25, 'kazán', 'Immergas Victrix Tera', 'KAZ-0025-1025', '2022-02-26', '2026-05-25'),
(26, 26, 'kazán', 'Bosch Condens 2300i W', 'KAZ-0026-1066', '2023-03-01', '2026-06-01'),
(27, 27, 'kazán', 'Ariston Clas One 24', 'KAZ-0027-1107', '2024-04-02', '2026-07-03'),
(28, 28, 'kazán', 'Vaillant ecoTEC Pure', 'KAZ-0028-1148', '2018-05-03', '2026-08-05'),
(29, 29, 'kazán', 'Baxi Luna Duo-tec', 'KAZ-0029-1189', '2019-06-04', '2026-09-07'),
(30, 30, 'kazán', 'Immergas Victrix Tera', 'KAZ-0030-1230', '2020-07-05', '2026-10-09'),
(31, 31, 'kazán', 'Bosch Condens 2300i W', 'KAZ-0031-1271', '2021-08-06', '2026-11-11'),
(32, 32, 'kazán', 'Ariston Clas One 24', 'KAZ-0032-1312', '2022-09-07', '2026-12-13'),
(33, 33, 'kazán', 'Vaillant ecoTEC Pure', 'KAZ-0033-1353', '2023-10-08', '2026-01-15'),
(34, 34, 'kazán', 'Baxi Luna Duo-tec', 'KAZ-0034-1394', '2024-11-09', '2026-02-17'),
(35, 35, 'kazán', 'Immergas Victrix Tera', 'KAZ-0035-1435', '2018-12-10', '2026-03-19'),
(36, 36, 'kazán', 'Bosch Condens 2300i W', 'KAZ-0036-1476', '2019-01-11', '2026-04-21'),
(37, 37, 'kazán', 'Ariston Clas One 24', 'KAZ-0037-1517', '2020-02-12', '2026-05-23'),
(38, 38, 'kazán', 'Vaillant ecoTEC Pure', 'KAZ-0038-1558', '2021-03-13', '2026-06-25'),
(39, 39, 'kazán', 'Baxi Luna Duo-tec', 'KAZ-0039-1599', '2022-04-14', '2026-07-01'),
(40, 40, 'kazán', 'Immergas Victrix Tera', 'KAZ-0040-1640', '2023-05-15', '2026-08-03'),
(41, 41, 'kazán', 'Bosch Condens 2300i W', 'KAZ-0041-1681', '2024-06-16', '2026-09-05'),
(42, 42, 'kazán', 'Ariston Clas One 24', 'KAZ-0042-1722', '2018-07-17', '2026-10-07'),
(43, 43, 'kazán', 'Vaillant ecoTEC Pure', 'KAZ-0043-1763', '2019-08-18', '2026-11-09'),
(44, 44, 'kazán', 'Baxi Luna Duo-tec', 'KAZ-0044-1804', '2020-09-19', '2026-12-11'),
(45, 45, 'kazán', 'Immergas Victrix Tera', 'KAZ-0045-1845', '2021-10-20', '2026-01-13'),
(46, 46, 'kazán', 'Bosch Condens 2300i W', 'KAZ-0046-1886', '2022-11-21', '2026-02-15'),
(47, 47, 'kazán', 'Ariston Clas One 24', 'KAZ-0047-1927', '2023-12-22', '2026-03-17'),
(48, 48, 'kazán', 'Vaillant ecoTEC Pure', 'KAZ-0048-1968', '2024-01-23', '2026-04-19'),
(49, 49, 'kazán', 'Baxi Luna Duo-tec', 'KAZ-0049-2009', '2018-02-24', '2026-05-21'),
(50, 50, 'kazán', 'Immergas Victrix Tera', 'KAZ-0050-2050', '2019-03-25', '2026-06-23'),
(51, 51, 'klíma', 'Daikin Sensira FTXF35', 'KLI-0001-2091', '2020-04-26', '2026-05-03'),
(52, 52, 'klíma', 'Gree Comfort X 3.5', 'KLI-0002-2132', '2021-05-01', '2026-06-05'),
(53, 53, 'klíma', 'Midea Xtreme Save', 'KLI-0003-2173', '2022-06-02', '2026-07-07'),
(54, 54, 'klíma', 'Mitsubishi MSZ-HR35VF', 'KLI-0004-2214', '2023-07-03', '2026-08-09'),
(55, 55, 'klíma', 'Fisher Nordic 3.5', 'KLI-0005-2255', '2024-08-04', '2026-09-11'),
(56, 56, 'klíma', 'Daikin Sensira FTXF35', 'KLI-0006-2296', '2018-09-05', '2026-10-13'),
(57, 57, 'klíma', 'Gree Comfort X 3.5', 'KLI-0007-2337', '2019-10-06', '2026-11-15'),
(58, 58, 'klíma', 'Midea Xtreme Save', 'KLI-0008-2378', '2020-11-07', '2026-12-17'),
(59, 59, 'klíma', 'Mitsubishi MSZ-HR35VF', 'KLI-0009-2419', '2021-12-08', '2026-01-19'),
(60, 60, 'klíma', 'Fisher Nordic 3.5', 'KLI-0010-2460', '2022-01-09', '2026-02-21'),
(61, 61, 'klíma', 'Daikin Sensira FTXF35', 'KLI-0011-2501', '2023-02-10', '2026-03-23'),
(62, 62, 'klíma', 'Gree Comfort X 3.5', 'KLI-0012-2542', '2024-03-11', '2026-04-25'),
(63, 63, 'klíma', 'Midea Xtreme Save', 'KLI-0013-2583', '2018-04-12', '2026-05-01'),
(64, 64, 'klíma', 'Mitsubishi MSZ-HR35VF', 'KLI-0014-2624', '2019-05-13', '2026-06-03'),
(65, 65, 'klíma', 'Fisher Nordic 3.5', 'KLI-0015-2665', '2020-06-14', '2026-07-05'),
(66, 66, 'klíma', 'Daikin Sensira FTXF35', 'KLI-0016-2706', '2021-07-15', '2026-08-07'),
(67, 67, 'klíma', 'Gree Comfort X 3.5', 'KLI-0017-2747', '2022-08-16', '2026-09-09'),
(68, 68, 'klíma', 'Midea Xtreme Save', 'KLI-0018-2788', '2023-09-17', '2026-10-11'),
(69, 69, 'klíma', 'Mitsubishi MSZ-HR35VF', 'KLI-0019-2829', '2024-10-18', '2026-11-13'),
(70, 70, 'klíma', 'Fisher Nordic 3.5', 'KLI-0020-2870', '2018-11-19', '2026-12-15'),
(71, 71, 'klíma', 'Daikin Sensira FTXF35', 'KLI-0021-2911', '2019-12-20', '2026-01-17'),
(72, 72, 'klíma', 'Gree Comfort X 3.5', 'KLI-0022-2952', '2020-01-21', '2026-02-19'),
(73, 73, 'klíma', 'Midea Xtreme Save', 'KLI-0023-2993', '2021-02-22', '2026-03-21'),
(74, 74, 'klíma', 'Mitsubishi MSZ-HR35VF', 'KLI-0024-3034', '2022-03-23', '2026-04-23'),
(75, 75, 'klíma', 'Fisher Nordic 3.5', 'KLI-0025-3075', '2023-04-24', '2026-05-25'),
(76, 76, 'klíma', 'Daikin Sensira FTXF35', 'KLI-0026-3116', '2024-05-25', '2026-06-01'),
(77, 77, 'klíma', 'Gree Comfort X 3.5', 'KLI-0027-3157', '2018-06-26', '2026-07-03'),
(78, 78, 'klíma', 'Midea Xtreme Save', 'KLI-0028-3198', '2019-07-01', '2026-08-05'),
(79, 79, 'klíma', 'Mitsubishi MSZ-HR35VF', 'KLI-0029-3239', '2020-08-02', '2026-09-07'),
(80, 80, 'klíma', 'Fisher Nordic 3.5', 'KLI-0030-3280', '2021-09-03', '2026-10-09'),
(81, 81, 'klíma', 'Daikin Sensira FTXF35', 'KLI-0031-3321', '2022-10-04', '2026-11-11'),
(82, 82, 'klíma', 'Gree Comfort X 3.5', 'KLI-0032-3362', '2023-11-05', '2026-12-13'),
(83, 83, 'klíma', 'Midea Xtreme Save', 'KLI-0033-3403', '2024-12-06', '2026-01-15'),
(84, 84, 'klíma', 'Mitsubishi MSZ-HR35VF', 'KLI-0034-3444', '2018-01-07', '2026-02-17'),
(85, 85, 'klíma', 'Fisher Nordic 3.5', 'KLI-0035-3485', '2019-02-08', '2026-03-19'),
(86, 86, 'klíma', 'Daikin Sensira FTXF35', 'KLI-0036-3526', '2020-03-09', '2026-04-21'),
(87, 87, 'klíma', 'Gree Comfort X 3.5', 'KLI-0037-3567', '2021-04-10', '2026-05-23'),
(88, 88, 'klíma', 'Midea Xtreme Save', 'KLI-0038-3608', '2022-05-11', '2026-06-25'),
(89, 89, 'klíma', 'Mitsubishi MSZ-HR35VF', 'KLI-0039-3649', '2023-06-12', '2026-07-01'),
(90, 90, 'klíma', 'Fisher Nordic 3.5', 'KLI-0040-3690', '2024-07-13', '2026-08-03'),
(91, 91, 'klíma', 'Daikin Sensira FTXF35', 'KLI-0041-3731', '2018-08-14', '2026-09-05'),
(92, 92, 'klíma', 'Gree Comfort X 3.5', 'KLI-0042-3772', '2019-09-15', '2026-10-07'),
(93, 93, 'klíma', 'Midea Xtreme Save', 'KLI-0043-3813', '2020-10-16', '2026-11-09'),
(94, 94, 'klíma', 'Mitsubishi MSZ-HR35VF', 'KLI-0044-3854', '2021-11-17', '2026-12-11'),
(95, 95, 'klíma', 'Fisher Nordic 3.5', 'KLI-0045-3895', '2022-12-18', '2026-01-13'),
(96, 96, 'klíma', 'Daikin Sensira FTXF35', 'KLI-0046-3936', '2023-01-19', '2026-02-15'),
(97, 97, 'klíma', 'Gree Comfort X 3.5', 'KLI-0047-3977', '2024-02-20', '2026-03-17'),
(98, 98, 'klíma', 'Midea Xtreme Save', 'KLI-0048-4018', '2018-03-21', '2026-04-19'),
(99, 99, 'klíma', 'Mitsubishi MSZ-HR35VF', 'KLI-0049-4059', '2019-04-22', '2026-05-21'),
(100, 100, 'klíma', 'Fisher Nordic 3.5', 'KLI-0050-4100', '2020-05-23', '2026-06-23'),
(101, 101, 'hőszivattyú', 'Panasonic Aquarea 9kW', 'HOS-0001-4141', '2021-06-24', '2026-05-03'),
(102, 102, 'hőszivattyú', 'Daikin Altherma 8kW', 'HOS-0002-4182', '2022-07-25', '2026-06-05'),
(103, 103, 'hőszivattyú', 'Mitsubishi Ecodan 8.5', 'HOS-0003-4223', '2023-08-26', '2026-07-07'),
(104, 104, 'hőszivattyú', 'Samsung EHS Mono', 'HOS-0004-4264', '2024-09-01', '2026-08-09'),
(105, 105, 'hőszivattyú', 'Nibe F2120', 'HOS-0005-4305', '2018-10-02', '2026-09-11'),
(106, 106, 'hőszivattyú', 'Panasonic Aquarea 9kW', 'HOS-0006-4346', '2019-11-03', '2026-10-13'),
(107, 107, 'hőszivattyú', 'Daikin Altherma 8kW', 'HOS-0007-4387', '2020-12-04', '2026-11-15'),
(108, 108, 'hőszivattyú', 'Mitsubishi Ecodan 8.5', 'HOS-0008-4428', '2021-01-05', '2026-12-17'),
(109, 109, 'hőszivattyú', 'Samsung EHS Mono', 'HOS-0009-4469', '2022-02-06', '2026-01-19'),
(110, 110, 'hőszivattyú', 'Nibe F2120', 'HOS-0010-4510', '2023-03-07', '2026-02-21'),
(111, 111, 'hőszivattyú', 'Panasonic Aquarea 9kW', 'HOS-0011-4551', '2024-04-08', '2026-03-23'),
(112, 112, 'hőszivattyú', 'Daikin Altherma 8kW', 'HOS-0012-4592', '2018-05-09', '2026-04-25'),
(113, 113, 'hőszivattyú', 'Mitsubishi Ecodan 8.5', 'HOS-0013-4633', '2019-06-10', '2026-05-01'),
(114, 114, 'hőszivattyú', 'Samsung EHS Mono', 'HOS-0014-4674', '2020-07-11', '2026-06-03'),
(115, 115, 'hőszivattyú', 'Nibe F2120', 'HOS-0015-4715', '2021-08-12', '2026-07-05'),
(116, 116, 'hőszivattyú', 'Panasonic Aquarea 9kW', 'HOS-0016-4756', '2022-09-13', '2026-08-07'),
(117, 117, 'hőszivattyú', 'Daikin Altherma 8kW', 'HOS-0017-4797', '2023-10-14', '2026-09-09'),
(118, 118, 'hőszivattyú', 'Mitsubishi Ecodan 8.5', 'HOS-0018-4838', '2024-11-15', '2026-10-11'),
(119, 119, 'hőszivattyú', 'Samsung EHS Mono', 'HOS-0019-4879', '2018-12-16', '2026-11-13'),
(120, 120, 'hőszivattyú', 'Nibe F2120', 'HOS-0020-4920', '2019-01-17', '2026-12-15'),
(121, 121, 'hőszivattyú', 'Panasonic Aquarea 9kW', 'HOS-0021-4961', '2020-02-18', '2026-01-17'),
(122, 122, 'hőszivattyú', 'Daikin Altherma 8kW', 'HOS-0022-5002', '2021-03-19', '2026-02-19'),
(123, 123, 'hőszivattyú', 'Mitsubishi Ecodan 8.5', 'HOS-0023-5043', '2022-04-20', '2026-03-21'),
(124, 124, 'hőszivattyú', 'Samsung EHS Mono', 'HOS-0024-5084', '2023-05-21', '2026-04-23'),
(125, 125, 'hőszivattyú', 'Nibe F2120', 'HOS-0025-5125', '2024-06-22', '2026-05-25'),
(126, 126, 'hőszivattyú', 'Panasonic Aquarea 9kW', 'HOS-0026-5166', '2018-07-23', '2026-06-01'),
(127, 127, 'hőszivattyú', 'Daikin Altherma 8kW', 'HOS-0027-5207', '2019-08-24', '2026-07-03'),
(128, 128, 'hőszivattyú', 'Mitsubishi Ecodan 8.5', 'HOS-0028-5248', '2020-09-25', '2026-08-05'),
(129, 129, 'hőszivattyú', 'Samsung EHS Mono', 'HOS-0029-5289', '2021-10-26', '2026-09-07'),
(130, 130, 'hőszivattyú', 'Nibe F2120', 'HOS-0030-5330', '2022-11-01', '2026-10-09'),
(131, 131, 'hőszivattyú', 'Panasonic Aquarea 9kW', 'HOS-0031-5371', '2023-12-02', '2026-11-11'),
(132, 132, 'hőszivattyú', 'Daikin Altherma 8kW', 'HOS-0032-5412', '2024-01-03', '2026-12-13'),
(133, 133, 'hőszivattyú', 'Mitsubishi Ecodan 8.5', 'HOS-0033-5453', '2018-02-04', '2026-01-15'),
(134, 134, 'hőszivattyú', 'Samsung EHS Mono', 'HOS-0034-5494', '2019-03-05', '2026-02-17'),
(135, 135, 'hőszivattyú', 'Nibe F2120', 'HOS-0035-5535', '2020-04-06', '2026-03-19'),
(136, 136, 'hőszivattyú', 'Panasonic Aquarea 9kW', 'HOS-0036-5576', '2021-05-07', '2026-04-21'),
(137, 137, 'hőszivattyú', 'Daikin Altherma 8kW', 'HOS-0037-5617', '2022-06-08', '2026-05-23'),
(138, 138, 'hőszivattyú', 'Mitsubishi Ecodan 8.5', 'HOS-0038-5658', '2023-07-09', '2026-06-25'),
(139, 139, 'hőszivattyú', 'Samsung EHS Mono', 'HOS-0039-5699', '2024-08-10', '2026-07-01'),
(140, 140, 'hőszivattyú', 'Nibe F2120', 'HOS-0040-5740', '2018-09-11', '2026-08-03'),
(141, 141, 'hőszivattyú', 'Panasonic Aquarea 9kW', 'HOS-0041-5781', '2019-10-12', '2026-09-05'),
(142, 142, 'hőszivattyú', 'Daikin Altherma 8kW', 'HOS-0042-5822', '2020-11-13', '2026-10-07'),
(143, 143, 'hőszivattyú', 'Mitsubishi Ecodan 8.5', 'HOS-0043-5863', '2021-12-14', '2026-11-09'),
(144, 144, 'hőszivattyú', 'Samsung EHS Mono', 'HOS-0044-5904', '2022-01-15', '2026-12-11'),
(145, 145, 'hőszivattyú', 'Nibe F2120', 'HOS-0045-5945', '2023-02-16', '2026-01-13'),
(146, 146, 'hőszivattyú', 'Panasonic Aquarea 9kW', 'HOS-0046-5986', '2024-03-17', '2026-02-15'),
(147, 147, 'hőszivattyú', 'Daikin Altherma 8kW', 'HOS-0047-6027', '2018-04-18', '2026-03-17'),
(148, 148, 'hőszivattyú', 'Mitsubishi Ecodan 8.5', 'HOS-0048-6068', '2019-05-19', '2026-04-19'),
(149, 149, 'hőszivattyú', 'Samsung EHS Mono', 'HOS-0049-6109', '2020-06-20', '2026-05-21'),
(150, 150, 'hőszivattyú', 'Nibe F2120', 'HOS-0050-6150', '2021-07-21', '2026-06-23'),
(151, 151, 'egyéb', 'Hajdu villanybojler 120L', 'EGY-0001-6191', '2022-08-22', '2026-05-03'),
(152, 152, 'egyéb', 'Helios szellozteto rendszer', 'EGY-0002-6232', '2023-09-23', '2026-06-05'),
(153, 153, 'egyéb', 'Grundfos keringeto szivattyu', 'EGY-0003-6273', '2024-10-24', '2026-07-07'),
(154, 154, 'egyéb', 'Saunier Duval tarolo', 'EGY-0004-6314', '2018-11-25', '2026-08-09'),
(155, 155, 'egyéb', 'Honeywell termosztat rendszer', 'EGY-0005-6355', '2019-12-26', '2026-09-11'),
(156, 156, 'egyéb', 'Hajdu villanybojler 120L', 'EGY-0006-6396', '2020-01-01', '2026-10-13'),
(157, 157, 'egyéb', 'Helios szellozteto rendszer', 'EGY-0007-6437', '2021-02-02', '2026-11-15'),
(158, 158, 'egyéb', 'Grundfos keringeto szivattyu', 'EGY-0008-6478', '2022-03-03', '2026-12-17'),
(159, 159, 'egyéb', 'Saunier Duval tarolo', 'EGY-0009-6519', '2023-04-04', '2026-01-19'),
(160, 160, 'egyéb', 'Honeywell termosztat rendszer', 'EGY-0010-6560', '2024-05-05', '2026-02-21'),
(161, 161, 'egyéb', 'Hajdu villanybojler 120L', 'EGY-0011-6601', '2018-06-06', '2026-03-23'),
(162, 162, 'egyéb', 'Helios szellozteto rendszer', 'EGY-0012-6642', '2019-07-07', '2026-04-25'),
(163, 163, 'egyéb', 'Grundfos keringeto szivattyu', 'EGY-0013-6683', '2020-08-08', '2026-05-01'),
(164, 164, 'egyéb', 'Saunier Duval tarolo', 'EGY-0014-6724', '2021-09-09', '2026-06-03'),
(165, 165, 'egyéb', 'Honeywell termosztat rendszer', 'EGY-0015-6765', '2022-10-10', '2026-07-05'),
(166, 166, 'egyéb', 'Hajdu villanybojler 120L', 'EGY-0016-6806', '2023-11-11', '2026-08-07'),
(167, 167, 'egyéb', 'Helios szellozteto rendszer', 'EGY-0017-6847', '2024-12-12', '2026-09-09'),
(168, 168, 'egyéb', 'Grundfos keringeto szivattyu', 'EGY-0018-6888', '2018-01-13', '2026-10-11'),
(169, 169, 'egyéb', 'Saunier Duval tarolo', 'EGY-0019-6929', '2019-02-14', '2026-11-13'),
(170, 170, 'egyéb', 'Honeywell termosztat rendszer', 'EGY-0020-6970', '2020-03-15', '2026-12-15'),
(171, 171, 'egyéb', 'Hajdu villanybojler 120L', 'EGY-0021-7011', '2021-04-16', '2026-01-17'),
(172, 172, 'egyéb', 'Helios szellozteto rendszer', 'EGY-0022-7052', '2022-05-17', '2026-02-19'),
(173, 173, 'egyéb', 'Grundfos keringeto szivattyu', 'EGY-0023-7093', '2023-06-18', '2026-03-21'),
(174, 174, 'egyéb', 'Saunier Duval tarolo', 'EGY-0024-7134', '2024-07-19', '2026-04-23'),
(175, 175, 'egyéb', 'Honeywell termosztat rendszer', 'EGY-0025-7175', '2018-08-20', '2026-05-25'),
(176, 176, 'egyéb', 'Hajdu villanybojler 120L', 'EGY-0026-7216', '2019-09-21', '2026-06-01'),
(177, 177, 'egyéb', 'Helios szellozteto rendszer', 'EGY-0027-7257', '2020-10-22', '2026-07-03'),
(178, 178, 'egyéb', 'Grundfos keringeto szivattyu', 'EGY-0028-7298', '2021-11-23', '2026-08-05'),
(179, 179, 'egyéb', 'Saunier Duval tarolo', 'EGY-0029-7339', '2022-12-24', '2026-09-07'),
(180, 180, 'egyéb', 'Honeywell termosztat rendszer', 'EGY-0030-7380', '2023-01-25', '2026-10-09'),
(181, 181, 'egyéb', 'Hajdu villanybojler 120L', 'EGY-0031-7421', '2024-02-26', '2026-11-11'),
(182, 182, 'egyéb', 'Helios szellozteto rendszer', 'EGY-0032-7462', '2018-03-01', '2026-12-13'),
(183, 183, 'egyéb', 'Grundfos keringeto szivattyu', 'EGY-0033-7503', '2019-04-02', '2026-01-15'),
(184, 184, 'egyéb', 'Saunier Duval tarolo', 'EGY-0034-7544', '2020-05-03', '2026-02-17'),
(185, 185, 'egyéb', 'Honeywell termosztat rendszer', 'EGY-0035-7585', '2021-06-04', '2026-03-19'),
(186, 186, 'egyéb', 'Hajdu villanybojler 120L', 'EGY-0036-7626', '2022-07-05', '2026-04-21'),
(187, 187, 'egyéb', 'Helios szellozteto rendszer', 'EGY-0037-7667', '2023-08-06', '2026-05-23'),
(188, 188, 'egyéb', 'Grundfos keringeto szivattyu', 'EGY-0038-7708', '2024-09-07', '2026-06-25'),
(189, 189, 'egyéb', 'Saunier Duval tarolo', 'EGY-0039-7749', '2018-10-08', '2026-07-01'),
(190, 190, 'egyéb', 'Honeywell termosztat rendszer', 'EGY-0040-7790', '2019-11-09', '2026-08-03'),
(191, 191, 'egyéb', 'Hajdu villanybojler 120L', 'EGY-0041-7831', '2020-12-10', '2026-09-05'),
(192, 192, 'egyéb', 'Helios szellozteto rendszer', 'EGY-0042-7872', '2021-01-11', '2026-10-07'),
(193, 193, 'egyéb', 'Grundfos keringeto szivattyu', 'EGY-0043-7913', '2022-02-12', '2026-11-09'),
(194, 194, 'egyéb', 'Saunier Duval tarolo', 'EGY-0044-7954', '2023-03-13', '2026-12-11'),
(195, 195, 'egyéb', 'Honeywell termosztat rendszer', 'EGY-0045-7995', '2024-04-14', '2026-01-13'),
(196, 196, 'egyéb', 'Hajdu villanybojler 120L', 'EGY-0046-8036', '2018-05-15', '2026-02-15'),
(197, 197, 'egyéb', 'Helios szellozteto rendszer', 'EGY-0047-8077', '2019-06-16', '2026-03-17'),
(198, 198, 'egyéb', 'Grundfos keringeto szivattyu', 'EGY-0048-8118', '2020-07-17', '2026-04-19'),
(199, 199, 'egyéb', 'Saunier Duval tarolo', 'EGY-0049-8159', '2021-08-18', '2026-05-21'),
(200, 200, 'egyéb', 'Honeywell termosztat rendszer', 'EGY-0050-8200', '2022-09-19', '2026-06-23');

INSERT INTO maintenance_records (equipment_id, service_date, technician, description, parts_used, cost) VALUES
(1, '2025-05-03', 'Minta Szerelo', 'Eves karbantartas es allapotfelmeres elvegezve.', 'Tisztitoszer, tomites, szuro ellenorzes', 33350),
(2, '2025-06-05', 'Minta Szerelo', 'Eves karbantartas es allapotfelmeres elvegezve.', 'Tisztitoszer, tomites, szuro ellenorzes', 33700),
(3, '2025-07-07', 'Minta Szerelo', 'Eves karbantartas es allapotfelmeres elvegezve.', 'Tisztitoszer, tomites, szuro ellenorzes', 34050),
(4, '2025-08-09', 'Minta Szerelo', 'Eves karbantartas es allapotfelmeres elvegezve.', 'Tisztitoszer, tomites, szuro ellenorzes', 34400),
(5, '2025-09-11', 'Minta Szerelo', 'Eves karbantartas es allapotfelmeres elvegezve.', 'Tisztitoszer, tomites, szuro ellenorzes', 34750),
(6, '2025-10-13', 'Minta Szerelo', 'Eves karbantartas es allapotfelmeres elvegezve.', 'Tisztitoszer, tomites, szuro ellenorzes', 35100),
(7, '2025-11-15', 'Minta Szerelo', 'Eves karbantartas es allapotfelmeres elvegezve.', 'Tisztitoszer, tomites, szuro ellenorzes', 35450),
(8, '2025-12-17', 'Minta Szerelo', 'Eves karbantartas es allapotfelmeres elvegezve.', 'Tisztitoszer, tomites, szuro ellenorzes', 35800),
(9, '2025-01-19', 'Minta Szerelo', 'Eves karbantartas es allapotfelmeres elvegezve.', 'Tisztitoszer, tomites, szuro ellenorzes', 36150),
(10, '2025-02-21', 'Minta Szerelo', 'Eves karbantartas es allapotfelmeres elvegezve.', 'Tisztitoszer, tomites, szuro ellenorzes', 36500),
(11, '2025-03-23', 'Minta Szerelo', 'Eves karbantartas es allapotfelmeres elvegezve.', 'Tisztitoszer, tomites, szuro ellenorzes', 36850),
(12, '2025-04-25', 'Minta Szerelo', 'Eves karbantartas es allapotfelmeres elvegezve.', 'Tisztitoszer, tomites, szuro ellenorzes', 37200),
(13, '2025-05-01', 'Minta Szerelo', 'Eves karbantartas es allapotfelmeres elvegezve.', 'Tisztitoszer, tomites, szuro ellenorzes', 37550),
(14, '2025-06-03', 'Minta Szerelo', 'Eves karbantartas es allapotfelmeres elvegezve.', 'Tisztitoszer, tomites, szuro ellenorzes', 37900),
(15, '2025-07-05', 'Minta Szerelo', 'Eves karbantartas es allapotfelmeres elvegezve.', 'Tisztitoszer, tomites, szuro ellenorzes', 38250),
(16, '2025-08-07', 'Minta Szerelo', 'Eves karbantartas es allapotfelmeres elvegezve.', 'Tisztitoszer, tomites, szuro ellenorzes', 38600),
(17, '2025-09-09', 'Minta Szerelo', 'Eves karbantartas es allapotfelmeres elvegezve.', 'Tisztitoszer, tomites, szuro ellenorzes', 38950),
(18, '2025-10-11', 'Minta Szerelo', 'Eves karbantartas es allapotfelmeres elvegezve.', 'Tisztitoszer, tomites, szuro ellenorzes', 39300),
(19, '2025-11-13', 'Minta Szerelo', 'Eves karbantartas es allapotfelmeres elvegezve.', 'Tisztitoszer, tomites, szuro ellenorzes', 39650),
(20, '2025-12-15', 'Minta Szerelo', 'Eves karbantartas es allapotfelmeres elvegezve.', 'Tisztitoszer, tomites, szuro ellenorzes', 40000),
(21, '2025-01-17', 'Minta Szerelo', 'Eves karbantartas es allapotfelmeres elvegezve.', 'Tisztitoszer, tomites, szuro ellenorzes', 40350),
(22, '2025-02-19', 'Minta Szerelo', 'Eves karbantartas es allapotfelmeres elvegezve.', 'Tisztitoszer, tomites, szuro ellenorzes', 40700),
(23, '2025-03-21', 'Minta Szerelo', 'Eves karbantartas es allapotfelmeres elvegezve.', 'Tisztitoszer, tomites, szuro ellenorzes', 41050),
(24, '2025-04-23', 'Minta Szerelo', 'Eves karbantartas es allapotfelmeres elvegezve.', 'Tisztitoszer, tomites, szuro ellenorzes', 41400),
(25, '2025-05-25', 'Minta Szerelo', 'Eves karbantartas es allapotfelmeres elvegezve.', 'Tisztitoszer, tomites, szuro ellenorzes', 41750),
(26, '2025-06-01', 'Minta Szerelo', 'Eves karbantartas es allapotfelmeres elvegezve.', 'Tisztitoszer, tomites, szuro ellenorzes', 42100),
(27, '2025-07-03', 'Minta Szerelo', 'Eves karbantartas es allapotfelmeres elvegezve.', 'Tisztitoszer, tomites, szuro ellenorzes', 42450),
(28, '2025-08-05', 'Minta Szerelo', 'Eves karbantartas es allapotfelmeres elvegezve.', 'Tisztitoszer, tomites, szuro ellenorzes', 42800),
(29, '2025-09-07', 'Minta Szerelo', 'Eves karbantartas es allapotfelmeres elvegezve.', 'Tisztitoszer, tomites, szuro ellenorzes', 43150),
(30, '2025-10-09', 'Minta Szerelo', 'Eves karbantartas es allapotfelmeres elvegezve.', 'Tisztitoszer, tomites, szuro ellenorzes', 43500),
(31, '2025-11-11', 'Minta Szerelo', 'Eves karbantartas es allapotfelmeres elvegezve.', 'Tisztitoszer, tomites, szuro ellenorzes', 43850),
(32, '2025-12-13', 'Minta Szerelo', 'Eves karbantartas es allapotfelmeres elvegezve.', 'Tisztitoszer, tomites, szuro ellenorzes', 44200),
(33, '2025-01-15', 'Minta Szerelo', 'Eves karbantartas es allapotfelmeres elvegezve.', 'Tisztitoszer, tomites, szuro ellenorzes', 44550),
(34, '2025-02-17', 'Minta Szerelo', 'Eves karbantartas es allapotfelmeres elvegezve.', 'Tisztitoszer, tomites, szuro ellenorzes', 44900),
(35, '2025-03-19', 'Minta Szerelo', 'Eves karbantartas es allapotfelmeres elvegezve.', 'Tisztitoszer, tomites, szuro ellenorzes', 45250),
(36, '2025-04-21', 'Minta Szerelo', 'Eves karbantartas es allapotfelmeres elvegezve.', 'Tisztitoszer, tomites, szuro ellenorzes', 45600),
(37, '2025-05-23', 'Minta Szerelo', 'Eves karbantartas es allapotfelmeres elvegezve.', 'Tisztitoszer, tomites, szuro ellenorzes', 45950),
(38, '2025-06-25', 'Minta Szerelo', 'Eves karbantartas es allapotfelmeres elvegezve.', 'Tisztitoszer, tomites, szuro ellenorzes', 46300),
(39, '2025-07-01', 'Minta Szerelo', 'Eves karbantartas es allapotfelmeres elvegezve.', 'Tisztitoszer, tomites, szuro ellenorzes', 46650),
(40, '2025-08-03', 'Minta Szerelo', 'Eves karbantartas es allapotfelmeres elvegezve.', 'Tisztitoszer, tomites, szuro ellenorzes', 47000),
(41, '2025-09-05', 'Minta Szerelo', 'Eves karbantartas es allapotfelmeres elvegezve.', 'Tisztitoszer, tomites, szuro ellenorzes', 47350),
(42, '2025-10-07', 'Minta Szerelo', 'Eves karbantartas es allapotfelmeres elvegezve.', 'Tisztitoszer, tomites, szuro ellenorzes', 47700),
(43, '2025-11-09', 'Minta Szerelo', 'Eves karbantartas es allapotfelmeres elvegezve.', 'Tisztitoszer, tomites, szuro ellenorzes', 48050),
(44, '2025-12-11', 'Minta Szerelo', 'Eves karbantartas es allapotfelmeres elvegezve.', 'Tisztitoszer, tomites, szuro ellenorzes', 48400),
(45, '2025-01-13', 'Minta Szerelo', 'Eves karbantartas es allapotfelmeres elvegezve.', 'Tisztitoszer, tomites, szuro ellenorzes', 48750),
(46, '2025-02-15', 'Minta Szerelo', 'Eves karbantartas es allapotfelmeres elvegezve.', 'Tisztitoszer, tomites, szuro ellenorzes', 49100),
(47, '2025-03-17', 'Minta Szerelo', 'Eves karbantartas es allapotfelmeres elvegezve.', 'Tisztitoszer, tomites, szuro ellenorzes', 49450),
(48, '2025-04-19', 'Minta Szerelo', 'Eves karbantartas es allapotfelmeres elvegezve.', 'Tisztitoszer, tomites, szuro ellenorzes', 49800),
(49, '2025-05-21', 'Minta Szerelo', 'Eves karbantartas es allapotfelmeres elvegezve.', 'Tisztitoszer, tomites, szuro ellenorzes', 50150),
(50, '2025-06-23', 'Minta Szerelo', 'Eves karbantartas es allapotfelmeres elvegezve.', 'Tisztitoszer, tomites, szuro ellenorzes', 50500),
(51, '2025-05-03', 'Minta Szerelo', 'Eves karbantartas es allapotfelmeres elvegezve.', 'Tisztitoszer, tomites, szuro ellenorzes', 50850),
(52, '2025-06-05', 'Minta Szerelo', 'Eves karbantartas es allapotfelmeres elvegezve.', 'Tisztitoszer, tomites, szuro ellenorzes', 51200),
(53, '2025-07-07', 'Minta Szerelo', 'Eves karbantartas es allapotfelmeres elvegezve.', 'Tisztitoszer, tomites, szuro ellenorzes', 51550),
(54, '2025-08-09', 'Minta Szerelo', 'Eves karbantartas es allapotfelmeres elvegezve.', 'Tisztitoszer, tomites, szuro ellenorzes', 51900),
(55, '2025-09-11', 'Minta Szerelo', 'Eves karbantartas es allapotfelmeres elvegezve.', 'Tisztitoszer, tomites, szuro ellenorzes', 52250),
(56, '2025-10-13', 'Minta Szerelo', 'Eves karbantartas es allapotfelmeres elvegezve.', 'Tisztitoszer, tomites, szuro ellenorzes', 52600),
(57, '2025-11-15', 'Minta Szerelo', 'Eves karbantartas es allapotfelmeres elvegezve.', 'Tisztitoszer, tomites, szuro ellenorzes', 52950),
(58, '2025-12-17', 'Minta Szerelo', 'Eves karbantartas es allapotfelmeres elvegezve.', 'Tisztitoszer, tomites, szuro ellenorzes', 53300),
(59, '2025-01-19', 'Minta Szerelo', 'Eves karbantartas es allapotfelmeres elvegezve.', 'Tisztitoszer, tomites, szuro ellenorzes', 53650),
(60, '2025-02-21', 'Minta Szerelo', 'Eves karbantartas es allapotfelmeres elvegezve.', 'Tisztitoszer, tomites, szuro ellenorzes', 54000),
(61, '2025-03-23', 'Minta Szerelo', 'Eves karbantartas es allapotfelmeres elvegezve.', 'Tisztitoszer, tomites, szuro ellenorzes', 54350),
(62, '2025-04-25', 'Minta Szerelo', 'Eves karbantartas es allapotfelmeres elvegezve.', 'Tisztitoszer, tomites, szuro ellenorzes', 54700),
(63, '2025-05-01', 'Minta Szerelo', 'Eves karbantartas es allapotfelmeres elvegezve.', 'Tisztitoszer, tomites, szuro ellenorzes', 55050),
(64, '2025-06-03', 'Minta Szerelo', 'Eves karbantartas es allapotfelmeres elvegezve.', 'Tisztitoszer, tomites, szuro ellenorzes', 55400),
(65, '2025-07-05', 'Minta Szerelo', 'Eves karbantartas es allapotfelmeres elvegezve.', 'Tisztitoszer, tomites, szuro ellenorzes', 55750),
(66, '2025-08-07', 'Minta Szerelo', 'Eves karbantartas es allapotfelmeres elvegezve.', 'Tisztitoszer, tomites, szuro ellenorzes', 56100),
(67, '2025-09-09', 'Minta Szerelo', 'Eves karbantartas es allapotfelmeres elvegezve.', 'Tisztitoszer, tomites, szuro ellenorzes', 56450),
(68, '2025-10-11', 'Minta Szerelo', 'Eves karbantartas es allapotfelmeres elvegezve.', 'Tisztitoszer, tomites, szuro ellenorzes', 56800),
(69, '2025-11-13', 'Minta Szerelo', 'Eves karbantartas es allapotfelmeres elvegezve.', 'Tisztitoszer, tomites, szuro ellenorzes', 57150),
(70, '2025-12-15', 'Minta Szerelo', 'Eves karbantartas es allapotfelmeres elvegezve.', 'Tisztitoszer, tomites, szuro ellenorzes', 57500),
(71, '2025-01-17', 'Minta Szerelo', 'Eves karbantartas es allapotfelmeres elvegezve.', 'Tisztitoszer, tomites, szuro ellenorzes', 57850),
(72, '2025-02-19', 'Minta Szerelo', 'Eves karbantartas es allapotfelmeres elvegezve.', 'Tisztitoszer, tomites, szuro ellenorzes', 58200),
(73, '2025-03-21', 'Minta Szerelo', 'Eves karbantartas es allapotfelmeres elvegezve.', 'Tisztitoszer, tomites, szuro ellenorzes', 58550),
(74, '2025-04-23', 'Minta Szerelo', 'Eves karbantartas es allapotfelmeres elvegezve.', 'Tisztitoszer, tomites, szuro ellenorzes', 58900),
(75, '2025-05-25', 'Minta Szerelo', 'Eves karbantartas es allapotfelmeres elvegezve.', 'Tisztitoszer, tomites, szuro ellenorzes', 59250),
(76, '2025-06-01', 'Minta Szerelo', 'Eves karbantartas es allapotfelmeres elvegezve.', 'Tisztitoszer, tomites, szuro ellenorzes', 59600),
(77, '2025-07-03', 'Minta Szerelo', 'Eves karbantartas es allapotfelmeres elvegezve.', 'Tisztitoszer, tomites, szuro ellenorzes', 59950),
(78, '2025-08-05', 'Minta Szerelo', 'Eves karbantartas es allapotfelmeres elvegezve.', 'Tisztitoszer, tomites, szuro ellenorzes', 60300),
(79, '2025-09-07', 'Minta Szerelo', 'Eves karbantartas es allapotfelmeres elvegezve.', 'Tisztitoszer, tomites, szuro ellenorzes', 60650),
(80, '2025-10-09', 'Minta Szerelo', 'Eves karbantartas es allapotfelmeres elvegezve.', 'Tisztitoszer, tomites, szuro ellenorzes', 61000),
(81, '2025-11-11', 'Minta Szerelo', 'Eves karbantartas es allapotfelmeres elvegezve.', 'Tisztitoszer, tomites, szuro ellenorzes', 61350),
(82, '2025-12-13', 'Minta Szerelo', 'Eves karbantartas es allapotfelmeres elvegezve.', 'Tisztitoszer, tomites, szuro ellenorzes', 61700),
(83, '2025-01-15', 'Minta Szerelo', 'Eves karbantartas es allapotfelmeres elvegezve.', 'Tisztitoszer, tomites, szuro ellenorzes', 62050),
(84, '2025-02-17', 'Minta Szerelo', 'Eves karbantartas es allapotfelmeres elvegezve.', 'Tisztitoszer, tomites, szuro ellenorzes', 62400),
(85, '2025-03-19', 'Minta Szerelo', 'Eves karbantartas es allapotfelmeres elvegezve.', 'Tisztitoszer, tomites, szuro ellenorzes', 62750),
(86, '2025-04-21', 'Minta Szerelo', 'Eves karbantartas es allapotfelmeres elvegezve.', 'Tisztitoszer, tomites, szuro ellenorzes', 63100),
(87, '2025-05-23', 'Minta Szerelo', 'Eves karbantartas es allapotfelmeres elvegezve.', 'Tisztitoszer, tomites, szuro ellenorzes', 63450),
(88, '2025-06-25', 'Minta Szerelo', 'Eves karbantartas es allapotfelmeres elvegezve.', 'Tisztitoszer, tomites, szuro ellenorzes', 63800),
(89, '2025-07-01', 'Minta Szerelo', 'Eves karbantartas es allapotfelmeres elvegezve.', 'Tisztitoszer, tomites, szuro ellenorzes', 64150),
(90, '2025-08-03', 'Minta Szerelo', 'Eves karbantartas es allapotfelmeres elvegezve.', 'Tisztitoszer, tomites, szuro ellenorzes', 64500),
(91, '2025-09-05', 'Minta Szerelo', 'Eves karbantartas es allapotfelmeres elvegezve.', 'Tisztitoszer, tomites, szuro ellenorzes', 64850),
(92, '2025-10-07', 'Minta Szerelo', 'Eves karbantartas es allapotfelmeres elvegezve.', 'Tisztitoszer, tomites, szuro ellenorzes', 65200),
(93, '2025-11-09', 'Minta Szerelo', 'Eves karbantartas es allapotfelmeres elvegezve.', 'Tisztitoszer, tomites, szuro ellenorzes', 65550),
(94, '2025-12-11', 'Minta Szerelo', 'Eves karbantartas es allapotfelmeres elvegezve.', 'Tisztitoszer, tomites, szuro ellenorzes', 65900),
(95, '2025-01-13', 'Minta Szerelo', 'Eves karbantartas es allapotfelmeres elvegezve.', 'Tisztitoszer, tomites, szuro ellenorzes', 66250),
(96, '2025-02-15', 'Minta Szerelo', 'Eves karbantartas es allapotfelmeres elvegezve.', 'Tisztitoszer, tomites, szuro ellenorzes', 66600),
(97, '2025-03-17', 'Minta Szerelo', 'Eves karbantartas es allapotfelmeres elvegezve.', 'Tisztitoszer, tomites, szuro ellenorzes', 66950),
(98, '2025-04-19', 'Minta Szerelo', 'Eves karbantartas es allapotfelmeres elvegezve.', 'Tisztitoszer, tomites, szuro ellenorzes', 67300),
(99, '2025-05-21', 'Minta Szerelo', 'Eves karbantartas es allapotfelmeres elvegezve.', 'Tisztitoszer, tomites, szuro ellenorzes', 67650),
(100, '2025-06-23', 'Minta Szerelo', 'Eves karbantartas es allapotfelmeres elvegezve.', 'Tisztitoszer, tomites, szuro ellenorzes', 68000),
(101, '2025-05-03', 'Minta Szerelo', 'Eves karbantartas es allapotfelmeres elvegezve.', 'Tisztitoszer, tomites, szuro ellenorzes', 68350),
(102, '2025-06-05', 'Minta Szerelo', 'Eves karbantartas es allapotfelmeres elvegezve.', 'Tisztitoszer, tomites, szuro ellenorzes', 68700),
(103, '2025-07-07', 'Minta Szerelo', 'Eves karbantartas es allapotfelmeres elvegezve.', 'Tisztitoszer, tomites, szuro ellenorzes', 69050),
(104, '2025-08-09', 'Minta Szerelo', 'Eves karbantartas es allapotfelmeres elvegezve.', 'Tisztitoszer, tomites, szuro ellenorzes', 69400),
(105, '2025-09-11', 'Minta Szerelo', 'Eves karbantartas es allapotfelmeres elvegezve.', 'Tisztitoszer, tomites, szuro ellenorzes', 69750),
(106, '2025-10-13', 'Minta Szerelo', 'Eves karbantartas es allapotfelmeres elvegezve.', 'Tisztitoszer, tomites, szuro ellenorzes', 70100),
(107, '2025-11-15', 'Minta Szerelo', 'Eves karbantartas es allapotfelmeres elvegezve.', 'Tisztitoszer, tomites, szuro ellenorzes', 70450),
(108, '2025-12-17', 'Minta Szerelo', 'Eves karbantartas es allapotfelmeres elvegezve.', 'Tisztitoszer, tomites, szuro ellenorzes', 70800),
(109, '2025-01-19', 'Minta Szerelo', 'Eves karbantartas es allapotfelmeres elvegezve.', 'Tisztitoszer, tomites, szuro ellenorzes', 71150),
(110, '2025-02-21', 'Minta Szerelo', 'Eves karbantartas es allapotfelmeres elvegezve.', 'Tisztitoszer, tomites, szuro ellenorzes', 71500),
(111, '2025-03-23', 'Minta Szerelo', 'Eves karbantartas es allapotfelmeres elvegezve.', 'Tisztitoszer, tomites, szuro ellenorzes', 71850),
(112, '2025-04-25', 'Minta Szerelo', 'Eves karbantartas es allapotfelmeres elvegezve.', 'Tisztitoszer, tomites, szuro ellenorzes', 72200),
(113, '2025-05-01', 'Minta Szerelo', 'Eves karbantartas es allapotfelmeres elvegezve.', 'Tisztitoszer, tomites, szuro ellenorzes', 72550),
(114, '2025-06-03', 'Minta Szerelo', 'Eves karbantartas es allapotfelmeres elvegezve.', 'Tisztitoszer, tomites, szuro ellenorzes', 72900),
(115, '2025-07-05', 'Minta Szerelo', 'Eves karbantartas es allapotfelmeres elvegezve.', 'Tisztitoszer, tomites, szuro ellenorzes', 73250),
(116, '2025-08-07', 'Minta Szerelo', 'Eves karbantartas es allapotfelmeres elvegezve.', 'Tisztitoszer, tomites, szuro ellenorzes', 73600),
(117, '2025-09-09', 'Minta Szerelo', 'Eves karbantartas es allapotfelmeres elvegezve.', 'Tisztitoszer, tomites, szuro ellenorzes', 73950),
(118, '2025-10-11', 'Minta Szerelo', 'Eves karbantartas es allapotfelmeres elvegezve.', 'Tisztitoszer, tomites, szuro ellenorzes', 74300),
(119, '2025-11-13', 'Minta Szerelo', 'Eves karbantartas es allapotfelmeres elvegezve.', 'Tisztitoszer, tomites, szuro ellenorzes', 74650),
(120, '2025-12-15', 'Minta Szerelo', 'Eves karbantartas es allapotfelmeres elvegezve.', 'Tisztitoszer, tomites, szuro ellenorzes', 75000),
(121, '2025-01-17', 'Minta Szerelo', 'Eves karbantartas es allapotfelmeres elvegezve.', 'Tisztitoszer, tomites, szuro ellenorzes', 75350),
(122, '2025-02-19', 'Minta Szerelo', 'Eves karbantartas es allapotfelmeres elvegezve.', 'Tisztitoszer, tomites, szuro ellenorzes', 75700),
(123, '2025-03-21', 'Minta Szerelo', 'Eves karbantartas es allapotfelmeres elvegezve.', 'Tisztitoszer, tomites, szuro ellenorzes', 76050),
(124, '2025-04-23', 'Minta Szerelo', 'Eves karbantartas es allapotfelmeres elvegezve.', 'Tisztitoszer, tomites, szuro ellenorzes', 76400),
(125, '2025-05-25', 'Minta Szerelo', 'Eves karbantartas es allapotfelmeres elvegezve.', 'Tisztitoszer, tomites, szuro ellenorzes', 76750),
(126, '2025-06-01', 'Minta Szerelo', 'Eves karbantartas es allapotfelmeres elvegezve.', 'Tisztitoszer, tomites, szuro ellenorzes', 77100),
(127, '2025-07-03', 'Minta Szerelo', 'Eves karbantartas es allapotfelmeres elvegezve.', 'Tisztitoszer, tomites, szuro ellenorzes', 77450),
(128, '2025-08-05', 'Minta Szerelo', 'Eves karbantartas es allapotfelmeres elvegezve.', 'Tisztitoszer, tomites, szuro ellenorzes', 77800),
(129, '2025-09-07', 'Minta Szerelo', 'Eves karbantartas es allapotfelmeres elvegezve.', 'Tisztitoszer, tomites, szuro ellenorzes', 78150),
(130, '2025-10-09', 'Minta Szerelo', 'Eves karbantartas es allapotfelmeres elvegezve.', 'Tisztitoszer, tomites, szuro ellenorzes', 78500),
(131, '2025-11-11', 'Minta Szerelo', 'Eves karbantartas es allapotfelmeres elvegezve.', 'Tisztitoszer, tomites, szuro ellenorzes', 78850),
(132, '2025-12-13', 'Minta Szerelo', 'Eves karbantartas es allapotfelmeres elvegezve.', 'Tisztitoszer, tomites, szuro ellenorzes', 79200),
(133, '2025-01-15', 'Minta Szerelo', 'Eves karbantartas es allapotfelmeres elvegezve.', 'Tisztitoszer, tomites, szuro ellenorzes', 79550),
(134, '2025-02-17', 'Minta Szerelo', 'Eves karbantartas es allapotfelmeres elvegezve.', 'Tisztitoszer, tomites, szuro ellenorzes', 79900),
(135, '2025-03-19', 'Minta Szerelo', 'Eves karbantartas es allapotfelmeres elvegezve.', 'Tisztitoszer, tomites, szuro ellenorzes', 15250),
(136, '2025-04-21', 'Minta Szerelo', 'Eves karbantartas es allapotfelmeres elvegezve.', 'Tisztitoszer, tomites, szuro ellenorzes', 15600),
(137, '2025-05-23', 'Minta Szerelo', 'Eves karbantartas es allapotfelmeres elvegezve.', 'Tisztitoszer, tomites, szuro ellenorzes', 15950),
(138, '2025-06-25', 'Minta Szerelo', 'Eves karbantartas es allapotfelmeres elvegezve.', 'Tisztitoszer, tomites, szuro ellenorzes', 16300),
(139, '2025-07-01', 'Minta Szerelo', 'Eves karbantartas es allapotfelmeres elvegezve.', 'Tisztitoszer, tomites, szuro ellenorzes', 16650),
(140, '2025-08-03', 'Minta Szerelo', 'Eves karbantartas es allapotfelmeres elvegezve.', 'Tisztitoszer, tomites, szuro ellenorzes', 17000),
(141, '2025-09-05', 'Minta Szerelo', 'Eves karbantartas es allapotfelmeres elvegezve.', 'Tisztitoszer, tomites, szuro ellenorzes', 17350),
(142, '2025-10-07', 'Minta Szerelo', 'Eves karbantartas es allapotfelmeres elvegezve.', 'Tisztitoszer, tomites, szuro ellenorzes', 17700),
(143, '2025-11-09', 'Minta Szerelo', 'Eves karbantartas es allapotfelmeres elvegezve.', 'Tisztitoszer, tomites, szuro ellenorzes', 18050),
(144, '2025-12-11', 'Minta Szerelo', 'Eves karbantartas es allapotfelmeres elvegezve.', 'Tisztitoszer, tomites, szuro ellenorzes', 18400),
(145, '2025-01-13', 'Minta Szerelo', 'Eves karbantartas es allapotfelmeres elvegezve.', 'Tisztitoszer, tomites, szuro ellenorzes', 18750),
(146, '2025-02-15', 'Minta Szerelo', 'Eves karbantartas es allapotfelmeres elvegezve.', 'Tisztitoszer, tomites, szuro ellenorzes', 19100),
(147, '2025-03-17', 'Minta Szerelo', 'Eves karbantartas es allapotfelmeres elvegezve.', 'Tisztitoszer, tomites, szuro ellenorzes', 19450),
(148, '2025-04-19', 'Minta Szerelo', 'Eves karbantartas es allapotfelmeres elvegezve.', 'Tisztitoszer, tomites, szuro ellenorzes', 19800),
(149, '2025-05-21', 'Minta Szerelo', 'Eves karbantartas es allapotfelmeres elvegezve.', 'Tisztitoszer, tomites, szuro ellenorzes', 20150),
(150, '2025-06-23', 'Minta Szerelo', 'Eves karbantartas es allapotfelmeres elvegezve.', 'Tisztitoszer, tomites, szuro ellenorzes', 20500),
(151, '2025-05-03', 'Minta Szerelo', 'Eves karbantartas es allapotfelmeres elvegezve.', 'Tisztitoszer, tomites, szuro ellenorzes', 20850),
(152, '2025-06-05', 'Minta Szerelo', 'Eves karbantartas es allapotfelmeres elvegezve.', 'Tisztitoszer, tomites, szuro ellenorzes', 21200),
(153, '2025-07-07', 'Minta Szerelo', 'Eves karbantartas es allapotfelmeres elvegezve.', 'Tisztitoszer, tomites, szuro ellenorzes', 21550),
(154, '2025-08-09', 'Minta Szerelo', 'Eves karbantartas es allapotfelmeres elvegezve.', 'Tisztitoszer, tomites, szuro ellenorzes', 21900),
(155, '2025-09-11', 'Minta Szerelo', 'Eves karbantartas es allapotfelmeres elvegezve.', 'Tisztitoszer, tomites, szuro ellenorzes', 22250),
(156, '2025-10-13', 'Minta Szerelo', 'Eves karbantartas es allapotfelmeres elvegezve.', 'Tisztitoszer, tomites, szuro ellenorzes', 22600),
(157, '2025-11-15', 'Minta Szerelo', 'Eves karbantartas es allapotfelmeres elvegezve.', 'Tisztitoszer, tomites, szuro ellenorzes', 22950),
(158, '2025-12-17', 'Minta Szerelo', 'Eves karbantartas es allapotfelmeres elvegezve.', 'Tisztitoszer, tomites, szuro ellenorzes', 23300),
(159, '2025-01-19', 'Minta Szerelo', 'Eves karbantartas es allapotfelmeres elvegezve.', 'Tisztitoszer, tomites, szuro ellenorzes', 23650),
(160, '2025-02-21', 'Minta Szerelo', 'Eves karbantartas es allapotfelmeres elvegezve.', 'Tisztitoszer, tomites, szuro ellenorzes', 24000),
(161, '2025-03-23', 'Minta Szerelo', 'Eves karbantartas es allapotfelmeres elvegezve.', 'Tisztitoszer, tomites, szuro ellenorzes', 24350),
(162, '2025-04-25', 'Minta Szerelo', 'Eves karbantartas es allapotfelmeres elvegezve.', 'Tisztitoszer, tomites, szuro ellenorzes', 24700),
(163, '2025-05-01', 'Minta Szerelo', 'Eves karbantartas es allapotfelmeres elvegezve.', 'Tisztitoszer, tomites, szuro ellenorzes', 25050),
(164, '2025-06-03', 'Minta Szerelo', 'Eves karbantartas es allapotfelmeres elvegezve.', 'Tisztitoszer, tomites, szuro ellenorzes', 25400),
(165, '2025-07-05', 'Minta Szerelo', 'Eves karbantartas es allapotfelmeres elvegezve.', 'Tisztitoszer, tomites, szuro ellenorzes', 25750),
(166, '2025-08-07', 'Minta Szerelo', 'Eves karbantartas es allapotfelmeres elvegezve.', 'Tisztitoszer, tomites, szuro ellenorzes', 26100),
(167, '2025-09-09', 'Minta Szerelo', 'Eves karbantartas es allapotfelmeres elvegezve.', 'Tisztitoszer, tomites, szuro ellenorzes', 26450),
(168, '2025-10-11', 'Minta Szerelo', 'Eves karbantartas es allapotfelmeres elvegezve.', 'Tisztitoszer, tomites, szuro ellenorzes', 26800),
(169, '2025-11-13', 'Minta Szerelo', 'Eves karbantartas es allapotfelmeres elvegezve.', 'Tisztitoszer, tomites, szuro ellenorzes', 27150),
(170, '2025-12-15', 'Minta Szerelo', 'Eves karbantartas es allapotfelmeres elvegezve.', 'Tisztitoszer, tomites, szuro ellenorzes', 27500),
(171, '2025-01-17', 'Minta Szerelo', 'Eves karbantartas es allapotfelmeres elvegezve.', 'Tisztitoszer, tomites, szuro ellenorzes', 27850),
(172, '2025-02-19', 'Minta Szerelo', 'Eves karbantartas es allapotfelmeres elvegezve.', 'Tisztitoszer, tomites, szuro ellenorzes', 28200),
(173, '2025-03-21', 'Minta Szerelo', 'Eves karbantartas es allapotfelmeres elvegezve.', 'Tisztitoszer, tomites, szuro ellenorzes', 28550),
(174, '2025-04-23', 'Minta Szerelo', 'Eves karbantartas es allapotfelmeres elvegezve.', 'Tisztitoszer, tomites, szuro ellenorzes', 28900),
(175, '2025-05-25', 'Minta Szerelo', 'Eves karbantartas es allapotfelmeres elvegezve.', 'Tisztitoszer, tomites, szuro ellenorzes', 29250),
(176, '2025-06-01', 'Minta Szerelo', 'Eves karbantartas es allapotfelmeres elvegezve.', 'Tisztitoszer, tomites, szuro ellenorzes', 29600),
(177, '2025-07-03', 'Minta Szerelo', 'Eves karbantartas es allapotfelmeres elvegezve.', 'Tisztitoszer, tomites, szuro ellenorzes', 29950),
(178, '2025-08-05', 'Minta Szerelo', 'Eves karbantartas es allapotfelmeres elvegezve.', 'Tisztitoszer, tomites, szuro ellenorzes', 30300),
(179, '2025-09-07', 'Minta Szerelo', 'Eves karbantartas es allapotfelmeres elvegezve.', 'Tisztitoszer, tomites, szuro ellenorzes', 30650),
(180, '2025-10-09', 'Minta Szerelo', 'Eves karbantartas es allapotfelmeres elvegezve.', 'Tisztitoszer, tomites, szuro ellenorzes', 31000),
(181, '2025-11-11', 'Minta Szerelo', 'Eves karbantartas es allapotfelmeres elvegezve.', 'Tisztitoszer, tomites, szuro ellenorzes', 31350),
(182, '2025-12-13', 'Minta Szerelo', 'Eves karbantartas es allapotfelmeres elvegezve.', 'Tisztitoszer, tomites, szuro ellenorzes', 31700),
(183, '2025-01-15', 'Minta Szerelo', 'Eves karbantartas es allapotfelmeres elvegezve.', 'Tisztitoszer, tomites, szuro ellenorzes', 32050),
(184, '2025-02-17', 'Minta Szerelo', 'Eves karbantartas es allapotfelmeres elvegezve.', 'Tisztitoszer, tomites, szuro ellenorzes', 32400),
(185, '2025-03-19', 'Minta Szerelo', 'Eves karbantartas es allapotfelmeres elvegezve.', 'Tisztitoszer, tomites, szuro ellenorzes', 32750),
(186, '2025-04-21', 'Minta Szerelo', 'Eves karbantartas es allapotfelmeres elvegezve.', 'Tisztitoszer, tomites, szuro ellenorzes', 33100),
(187, '2025-05-23', 'Minta Szerelo', 'Eves karbantartas es allapotfelmeres elvegezve.', 'Tisztitoszer, tomites, szuro ellenorzes', 33450),
(188, '2025-06-25', 'Minta Szerelo', 'Eves karbantartas es allapotfelmeres elvegezve.', 'Tisztitoszer, tomites, szuro ellenorzes', 33800),
(189, '2025-07-01', 'Minta Szerelo', 'Eves karbantartas es allapotfelmeres elvegezve.', 'Tisztitoszer, tomites, szuro ellenorzes', 34150),
(190, '2025-08-03', 'Minta Szerelo', 'Eves karbantartas es allapotfelmeres elvegezve.', 'Tisztitoszer, tomites, szuro ellenorzes', 34500),
(191, '2025-09-05', 'Minta Szerelo', 'Eves karbantartas es allapotfelmeres elvegezve.', 'Tisztitoszer, tomites, szuro ellenorzes', 34850),
(192, '2025-10-07', 'Minta Szerelo', 'Eves karbantartas es allapotfelmeres elvegezve.', 'Tisztitoszer, tomites, szuro ellenorzes', 35200),
(193, '2025-11-09', 'Minta Szerelo', 'Eves karbantartas es allapotfelmeres elvegezve.', 'Tisztitoszer, tomites, szuro ellenorzes', 35550),
(194, '2025-12-11', 'Minta Szerelo', 'Eves karbantartas es allapotfelmeres elvegezve.', 'Tisztitoszer, tomites, szuro ellenorzes', 35900),
(195, '2025-01-13', 'Minta Szerelo', 'Eves karbantartas es allapotfelmeres elvegezve.', 'Tisztitoszer, tomites, szuro ellenorzes', 36250),
(196, '2025-02-15', 'Minta Szerelo', 'Eves karbantartas es allapotfelmeres elvegezve.', 'Tisztitoszer, tomites, szuro ellenorzes', 36600),
(197, '2025-03-17', 'Minta Szerelo', 'Eves karbantartas es allapotfelmeres elvegezve.', 'Tisztitoszer, tomites, szuro ellenorzes', 36950),
(198, '2025-04-19', 'Minta Szerelo', 'Eves karbantartas es allapotfelmeres elvegezve.', 'Tisztitoszer, tomites, szuro ellenorzes', 37300),
(199, '2025-05-21', 'Minta Szerelo', 'Eves karbantartas es allapotfelmeres elvegezve.', 'Tisztitoszer, tomites, szuro ellenorzes', 37650),
(200, '2025-06-23', 'Minta Szerelo', 'Eves karbantartas es allapotfelmeres elvegezve.', 'Tisztitoszer, tomites, szuro ellenorzes', 38000);

INSERT INTO appointments (customer_id, equipment_id, appointment_at, service_type, status, notes) VALUES
(1, 1, '2026-05-03 09:00:00', 'Eves karbantartas', 'tervezett', 'Minta idopont automatikusan generalva.'),
(2, 2, '2026-06-05 10:00:00', 'Eves karbantartas', 'tervezett', 'Minta idopont automatikusan generalva.'),
(3, 3, '2026-07-07 11:00:00', 'Eves karbantartas', 'tervezett', 'Minta idopont automatikusan generalva.'),
(4, 4, '2026-08-09 12:00:00', 'Eves karbantartas', 'tervezett', 'Minta idopont automatikusan generalva.'),
(5, 5, '2026-09-11 13:00:00', 'Eves karbantartas', 'tervezett', 'Minta idopont automatikusan generalva.'),
(6, 6, '2026-10-13 14:00:00', 'Eves karbantartas', 'tervezett', 'Minta idopont automatikusan generalva.'),
(7, 7, '2026-11-15 15:00:00', 'Eves karbantartas', 'tervezett', 'Minta idopont automatikusan generalva.'),
(8, 8, '2026-12-17 16:00:00', 'Eves karbantartas', 'tervezett', 'Minta idopont automatikusan generalva.'),
(9, 9, '2026-01-19 08:00:00', 'Eves karbantartas', 'tervezett', 'Minta idopont automatikusan generalva.'),
(10, 10, '2026-02-21 09:00:00', 'Eves karbantartas', 'tervezett', 'Minta idopont automatikusan generalva.'),
(11, 11, '2026-03-23 10:00:00', 'Eves karbantartas', 'tervezett', 'Minta idopont automatikusan generalva.'),
(12, 12, '2026-04-25 11:00:00', 'Eves karbantartas', 'tervezett', 'Minta idopont automatikusan generalva.'),
(13, 13, '2026-05-01 12:00:00', 'Eves karbantartas', 'tervezett', 'Minta idopont automatikusan generalva.'),
(14, 14, '2026-06-03 13:00:00', 'Eves karbantartas', 'tervezett', 'Minta idopont automatikusan generalva.'),
(15, 15, '2026-07-05 14:00:00', 'Eves karbantartas', 'tervezett', 'Minta idopont automatikusan generalva.'),
(16, 16, '2026-08-07 15:00:00', 'Eves karbantartas', 'tervezett', 'Minta idopont automatikusan generalva.'),
(17, 17, '2026-09-09 16:00:00', 'Eves karbantartas', 'tervezett', 'Minta idopont automatikusan generalva.'),
(18, 18, '2026-10-11 08:00:00', 'Eves karbantartas', 'tervezett', 'Minta idopont automatikusan generalva.'),
(19, 19, '2026-11-13 09:00:00', 'Eves karbantartas', 'tervezett', 'Minta idopont automatikusan generalva.'),
(20, 20, '2026-12-15 10:00:00', 'Eves karbantartas', 'tervezett', 'Minta idopont automatikusan generalva.'),
(21, 21, '2026-01-17 11:00:00', 'Eves karbantartas', 'tervezett', 'Minta idopont automatikusan generalva.'),
(22, 22, '2026-02-19 12:00:00', 'Eves karbantartas', 'tervezett', 'Minta idopont automatikusan generalva.'),
(23, 23, '2026-03-21 13:00:00', 'Eves karbantartas', 'tervezett', 'Minta idopont automatikusan generalva.'),
(24, 24, '2026-04-23 14:00:00', 'Eves karbantartas', 'tervezett', 'Minta idopont automatikusan generalva.'),
(25, 25, '2026-05-25 15:00:00', 'Eves karbantartas', 'tervezett', 'Minta idopont automatikusan generalva.'),
(26, 26, '2026-06-01 16:00:00', 'Eves karbantartas', 'tervezett', 'Minta idopont automatikusan generalva.'),
(27, 27, '2026-07-03 08:00:00', 'Eves karbantartas', 'tervezett', 'Minta idopont automatikusan generalva.'),
(28, 28, '2026-08-05 09:00:00', 'Eves karbantartas', 'tervezett', 'Minta idopont automatikusan generalva.'),
(29, 29, '2026-09-07 10:00:00', 'Eves karbantartas', 'tervezett', 'Minta idopont automatikusan generalva.'),
(30, 30, '2026-10-09 11:00:00', 'Eves karbantartas', 'tervezett', 'Minta idopont automatikusan generalva.'),
(31, 31, '2026-11-11 12:00:00', 'Eves karbantartas', 'tervezett', 'Minta idopont automatikusan generalva.'),
(32, 32, '2026-12-13 13:00:00', 'Eves karbantartas', 'tervezett', 'Minta idopont automatikusan generalva.'),
(33, 33, '2026-01-15 14:00:00', 'Eves karbantartas', 'tervezett', 'Minta idopont automatikusan generalva.'),
(34, 34, '2026-02-17 15:00:00', 'Eves karbantartas', 'tervezett', 'Minta idopont automatikusan generalva.'),
(35, 35, '2026-03-19 16:00:00', 'Eves karbantartas', 'tervezett', 'Minta idopont automatikusan generalva.'),
(36, 36, '2026-04-21 08:00:00', 'Eves karbantartas', 'tervezett', 'Minta idopont automatikusan generalva.'),
(37, 37, '2026-05-23 09:00:00', 'Eves karbantartas', 'tervezett', 'Minta idopont automatikusan generalva.'),
(38, 38, '2026-06-25 10:00:00', 'Eves karbantartas', 'tervezett', 'Minta idopont automatikusan generalva.'),
(39, 39, '2026-07-01 11:00:00', 'Eves karbantartas', 'tervezett', 'Minta idopont automatikusan generalva.'),
(40, 40, '2026-08-03 12:00:00', 'Eves karbantartas', 'tervezett', 'Minta idopont automatikusan generalva.'),
(41, 41, '2026-09-05 13:00:00', 'Eves karbantartas', 'tervezett', 'Minta idopont automatikusan generalva.'),
(42, 42, '2026-10-07 14:00:00', 'Eves karbantartas', 'tervezett', 'Minta idopont automatikusan generalva.'),
(43, 43, '2026-11-09 15:00:00', 'Eves karbantartas', 'tervezett', 'Minta idopont automatikusan generalva.'),
(44, 44, '2026-12-11 16:00:00', 'Eves karbantartas', 'tervezett', 'Minta idopont automatikusan generalva.'),
(45, 45, '2026-01-13 08:00:00', 'Eves karbantartas', 'tervezett', 'Minta idopont automatikusan generalva.'),
(46, 46, '2026-02-15 09:00:00', 'Eves karbantartas', 'tervezett', 'Minta idopont automatikusan generalva.'),
(47, 47, '2026-03-17 10:00:00', 'Eves karbantartas', 'tervezett', 'Minta idopont automatikusan generalva.'),
(48, 48, '2026-04-19 11:00:00', 'Eves karbantartas', 'tervezett', 'Minta idopont automatikusan generalva.'),
(49, 49, '2026-05-21 12:00:00', 'Eves karbantartas', 'tervezett', 'Minta idopont automatikusan generalva.'),
(50, 50, '2026-06-23 13:00:00', 'Eves karbantartas', 'tervezett', 'Minta idopont automatikusan generalva.'),
(51, 51, '2026-05-03 14:00:00', 'Eves karbantartas', 'tervezett', 'Minta idopont automatikusan generalva.'),
(52, 52, '2026-06-05 15:00:00', 'Eves karbantartas', 'tervezett', 'Minta idopont automatikusan generalva.'),
(53, 53, '2026-07-07 16:00:00', 'Eves karbantartas', 'tervezett', 'Minta idopont automatikusan generalva.'),
(54, 54, '2026-08-09 08:00:00', 'Eves karbantartas', 'tervezett', 'Minta idopont automatikusan generalva.'),
(55, 55, '2026-09-11 09:00:00', 'Eves karbantartas', 'tervezett', 'Minta idopont automatikusan generalva.'),
(56, 56, '2026-10-13 10:00:00', 'Eves karbantartas', 'tervezett', 'Minta idopont automatikusan generalva.'),
(57, 57, '2026-11-15 11:00:00', 'Eves karbantartas', 'tervezett', 'Minta idopont automatikusan generalva.'),
(58, 58, '2026-12-17 12:00:00', 'Eves karbantartas', 'tervezett', 'Minta idopont automatikusan generalva.'),
(59, 59, '2026-01-19 13:00:00', 'Eves karbantartas', 'tervezett', 'Minta idopont automatikusan generalva.'),
(60, 60, '2026-02-21 14:00:00', 'Eves karbantartas', 'tervezett', 'Minta idopont automatikusan generalva.'),
(61, 61, '2026-03-23 15:00:00', 'Eves karbantartas', 'tervezett', 'Minta idopont automatikusan generalva.'),
(62, 62, '2026-04-25 16:00:00', 'Eves karbantartas', 'tervezett', 'Minta idopont automatikusan generalva.'),
(63, 63, '2026-05-01 08:00:00', 'Eves karbantartas', 'tervezett', 'Minta idopont automatikusan generalva.'),
(64, 64, '2026-06-03 09:00:00', 'Eves karbantartas', 'tervezett', 'Minta idopont automatikusan generalva.'),
(65, 65, '2026-07-05 10:00:00', 'Eves karbantartas', 'tervezett', 'Minta idopont automatikusan generalva.'),
(66, 66, '2026-08-07 11:00:00', 'Eves karbantartas', 'tervezett', 'Minta idopont automatikusan generalva.'),
(67, 67, '2026-09-09 12:00:00', 'Eves karbantartas', 'tervezett', 'Minta idopont automatikusan generalva.'),
(68, 68, '2026-10-11 13:00:00', 'Eves karbantartas', 'tervezett', 'Minta idopont automatikusan generalva.'),
(69, 69, '2026-11-13 14:00:00', 'Eves karbantartas', 'tervezett', 'Minta idopont automatikusan generalva.'),
(70, 70, '2026-12-15 15:00:00', 'Eves karbantartas', 'tervezett', 'Minta idopont automatikusan generalva.'),
(71, 71, '2026-01-17 16:00:00', 'Eves karbantartas', 'tervezett', 'Minta idopont automatikusan generalva.'),
(72, 72, '2026-02-19 08:00:00', 'Eves karbantartas', 'tervezett', 'Minta idopont automatikusan generalva.'),
(73, 73, '2026-03-21 09:00:00', 'Eves karbantartas', 'tervezett', 'Minta idopont automatikusan generalva.'),
(74, 74, '2026-04-23 10:00:00', 'Eves karbantartas', 'tervezett', 'Minta idopont automatikusan generalva.'),
(75, 75, '2026-05-25 11:00:00', 'Eves karbantartas', 'tervezett', 'Minta idopont automatikusan generalva.'),
(76, 76, '2026-06-01 12:00:00', 'Eves karbantartas', 'tervezett', 'Minta idopont automatikusan generalva.'),
(77, 77, '2026-07-03 13:00:00', 'Eves karbantartas', 'tervezett', 'Minta idopont automatikusan generalva.'),
(78, 78, '2026-08-05 14:00:00', 'Eves karbantartas', 'tervezett', 'Minta idopont automatikusan generalva.'),
(79, 79, '2026-09-07 15:00:00', 'Eves karbantartas', 'tervezett', 'Minta idopont automatikusan generalva.'),
(80, 80, '2026-10-09 16:00:00', 'Eves karbantartas', 'tervezett', 'Minta idopont automatikusan generalva.'),
(81, 81, '2026-11-11 08:00:00', 'Eves karbantartas', 'tervezett', 'Minta idopont automatikusan generalva.'),
(82, 82, '2026-12-13 09:00:00', 'Eves karbantartas', 'tervezett', 'Minta idopont automatikusan generalva.'),
(83, 83, '2026-01-15 10:00:00', 'Eves karbantartas', 'tervezett', 'Minta idopont automatikusan generalva.'),
(84, 84, '2026-02-17 11:00:00', 'Eves karbantartas', 'tervezett', 'Minta idopont automatikusan generalva.'),
(85, 85, '2026-03-19 12:00:00', 'Eves karbantartas', 'tervezett', 'Minta idopont automatikusan generalva.'),
(86, 86, '2026-04-21 13:00:00', 'Eves karbantartas', 'tervezett', 'Minta idopont automatikusan generalva.'),
(87, 87, '2026-05-23 14:00:00', 'Eves karbantartas', 'tervezett', 'Minta idopont automatikusan generalva.'),
(88, 88, '2026-06-25 15:00:00', 'Eves karbantartas', 'tervezett', 'Minta idopont automatikusan generalva.'),
(89, 89, '2026-07-01 16:00:00', 'Eves karbantartas', 'tervezett', 'Minta idopont automatikusan generalva.'),
(90, 90, '2026-08-03 08:00:00', 'Eves karbantartas', 'tervezett', 'Minta idopont automatikusan generalva.'),
(91, 91, '2026-09-05 09:00:00', 'Eves karbantartas', 'tervezett', 'Minta idopont automatikusan generalva.'),
(92, 92, '2026-10-07 10:00:00', 'Eves karbantartas', 'tervezett', 'Minta idopont automatikusan generalva.'),
(93, 93, '2026-11-09 11:00:00', 'Eves karbantartas', 'tervezett', 'Minta idopont automatikusan generalva.'),
(94, 94, '2026-12-11 12:00:00', 'Eves karbantartas', 'tervezett', 'Minta idopont automatikusan generalva.'),
(95, 95, '2026-01-13 13:00:00', 'Eves karbantartas', 'tervezett', 'Minta idopont automatikusan generalva.'),
(96, 96, '2026-02-15 14:00:00', 'Eves karbantartas', 'tervezett', 'Minta idopont automatikusan generalva.'),
(97, 97, '2026-03-17 15:00:00', 'Eves karbantartas', 'tervezett', 'Minta idopont automatikusan generalva.'),
(98, 98, '2026-04-19 16:00:00', 'Eves karbantartas', 'tervezett', 'Minta idopont automatikusan generalva.'),
(99, 99, '2026-05-21 08:00:00', 'Eves karbantartas', 'tervezett', 'Minta idopont automatikusan generalva.'),
(100, 100, '2026-06-23 09:00:00', 'Eves karbantartas', 'tervezett', 'Minta idopont automatikusan generalva.'),
(101, 101, '2026-05-03 10:00:00', 'Eves karbantartas', 'tervezett', 'Minta idopont automatikusan generalva.'),
(102, 102, '2026-06-05 11:00:00', 'Eves karbantartas', 'tervezett', 'Minta idopont automatikusan generalva.'),
(103, 103, '2026-07-07 12:00:00', 'Eves karbantartas', 'tervezett', 'Minta idopont automatikusan generalva.'),
(104, 104, '2026-08-09 13:00:00', 'Eves karbantartas', 'tervezett', 'Minta idopont automatikusan generalva.'),
(105, 105, '2026-09-11 14:00:00', 'Eves karbantartas', 'tervezett', 'Minta idopont automatikusan generalva.'),
(106, 106, '2026-10-13 15:00:00', 'Eves karbantartas', 'tervezett', 'Minta idopont automatikusan generalva.'),
(107, 107, '2026-11-15 16:00:00', 'Eves karbantartas', 'tervezett', 'Minta idopont automatikusan generalva.'),
(108, 108, '2026-12-17 08:00:00', 'Eves karbantartas', 'tervezett', 'Minta idopont automatikusan generalva.'),
(109, 109, '2026-01-19 09:00:00', 'Eves karbantartas', 'tervezett', 'Minta idopont automatikusan generalva.'),
(110, 110, '2026-02-21 10:00:00', 'Eves karbantartas', 'tervezett', 'Minta idopont automatikusan generalva.'),
(111, 111, '2026-03-23 11:00:00', 'Eves karbantartas', 'tervezett', 'Minta idopont automatikusan generalva.'),
(112, 112, '2026-04-25 12:00:00', 'Eves karbantartas', 'tervezett', 'Minta idopont automatikusan generalva.'),
(113, 113, '2026-05-01 13:00:00', 'Eves karbantartas', 'tervezett', 'Minta idopont automatikusan generalva.'),
(114, 114, '2026-06-03 14:00:00', 'Eves karbantartas', 'tervezett', 'Minta idopont automatikusan generalva.'),
(115, 115, '2026-07-05 15:00:00', 'Eves karbantartas', 'tervezett', 'Minta idopont automatikusan generalva.'),
(116, 116, '2026-08-07 16:00:00', 'Eves karbantartas', 'tervezett', 'Minta idopont automatikusan generalva.'),
(117, 117, '2026-09-09 08:00:00', 'Eves karbantartas', 'tervezett', 'Minta idopont automatikusan generalva.'),
(118, 118, '2026-10-11 09:00:00', 'Eves karbantartas', 'tervezett', 'Minta idopont automatikusan generalva.'),
(119, 119, '2026-11-13 10:00:00', 'Eves karbantartas', 'tervezett', 'Minta idopont automatikusan generalva.'),
(120, 120, '2026-12-15 11:00:00', 'Eves karbantartas', 'tervezett', 'Minta idopont automatikusan generalva.'),
(121, 121, '2026-01-17 12:00:00', 'Eves karbantartas', 'tervezett', 'Minta idopont automatikusan generalva.'),
(122, 122, '2026-02-19 13:00:00', 'Eves karbantartas', 'tervezett', 'Minta idopont automatikusan generalva.'),
(123, 123, '2026-03-21 14:00:00', 'Eves karbantartas', 'tervezett', 'Minta idopont automatikusan generalva.'),
(124, 124, '2026-04-23 15:00:00', 'Eves karbantartas', 'tervezett', 'Minta idopont automatikusan generalva.'),
(125, 125, '2026-05-25 16:00:00', 'Eves karbantartas', 'tervezett', 'Minta idopont automatikusan generalva.'),
(126, 126, '2026-06-01 08:00:00', 'Eves karbantartas', 'tervezett', 'Minta idopont automatikusan generalva.'),
(127, 127, '2026-07-03 09:00:00', 'Eves karbantartas', 'tervezett', 'Minta idopont automatikusan generalva.'),
(128, 128, '2026-08-05 10:00:00', 'Eves karbantartas', 'tervezett', 'Minta idopont automatikusan generalva.'),
(129, 129, '2026-09-07 11:00:00', 'Eves karbantartas', 'tervezett', 'Minta idopont automatikusan generalva.'),
(130, 130, '2026-10-09 12:00:00', 'Eves karbantartas', 'tervezett', 'Minta idopont automatikusan generalva.'),
(131, 131, '2026-11-11 13:00:00', 'Eves karbantartas', 'tervezett', 'Minta idopont automatikusan generalva.'),
(132, 132, '2026-12-13 14:00:00', 'Eves karbantartas', 'tervezett', 'Minta idopont automatikusan generalva.'),
(133, 133, '2026-01-15 15:00:00', 'Eves karbantartas', 'tervezett', 'Minta idopont automatikusan generalva.'),
(134, 134, '2026-02-17 16:00:00', 'Eves karbantartas', 'tervezett', 'Minta idopont automatikusan generalva.'),
(135, 135, '2026-03-19 08:00:00', 'Eves karbantartas', 'tervezett', 'Minta idopont automatikusan generalva.'),
(136, 136, '2026-04-21 09:00:00', 'Eves karbantartas', 'tervezett', 'Minta idopont automatikusan generalva.'),
(137, 137, '2026-05-23 10:00:00', 'Eves karbantartas', 'tervezett', 'Minta idopont automatikusan generalva.'),
(138, 138, '2026-06-25 11:00:00', 'Eves karbantartas', 'tervezett', 'Minta idopont automatikusan generalva.'),
(139, 139, '2026-07-01 12:00:00', 'Eves karbantartas', 'tervezett', 'Minta idopont automatikusan generalva.'),
(140, 140, '2026-08-03 13:00:00', 'Eves karbantartas', 'tervezett', 'Minta idopont automatikusan generalva.'),
(141, 141, '2026-09-05 14:00:00', 'Eves karbantartas', 'tervezett', 'Minta idopont automatikusan generalva.'),
(142, 142, '2026-10-07 15:00:00', 'Eves karbantartas', 'tervezett', 'Minta idopont automatikusan generalva.'),
(143, 143, '2026-11-09 16:00:00', 'Eves karbantartas', 'tervezett', 'Minta idopont automatikusan generalva.'),
(144, 144, '2026-12-11 08:00:00', 'Eves karbantartas', 'tervezett', 'Minta idopont automatikusan generalva.'),
(145, 145, '2026-01-13 09:00:00', 'Eves karbantartas', 'tervezett', 'Minta idopont automatikusan generalva.'),
(146, 146, '2026-02-15 10:00:00', 'Eves karbantartas', 'tervezett', 'Minta idopont automatikusan generalva.'),
(147, 147, '2026-03-17 11:00:00', 'Eves karbantartas', 'tervezett', 'Minta idopont automatikusan generalva.'),
(148, 148, '2026-04-19 12:00:00', 'Eves karbantartas', 'tervezett', 'Minta idopont automatikusan generalva.'),
(149, 149, '2026-05-21 13:00:00', 'Eves karbantartas', 'tervezett', 'Minta idopont automatikusan generalva.'),
(150, 150, '2026-06-23 14:00:00', 'Eves karbantartas', 'tervezett', 'Minta idopont automatikusan generalva.'),
(151, 151, '2026-05-03 15:00:00', 'Eves karbantartas', 'tervezett', 'Minta idopont automatikusan generalva.'),
(152, 152, '2026-06-05 16:00:00', 'Eves karbantartas', 'tervezett', 'Minta idopont automatikusan generalva.'),
(153, 153, '2026-07-07 08:00:00', 'Eves karbantartas', 'tervezett', 'Minta idopont automatikusan generalva.'),
(154, 154, '2026-08-09 09:00:00', 'Eves karbantartas', 'tervezett', 'Minta idopont automatikusan generalva.'),
(155, 155, '2026-09-11 10:00:00', 'Eves karbantartas', 'tervezett', 'Minta idopont automatikusan generalva.'),
(156, 156, '2026-10-13 11:00:00', 'Eves karbantartas', 'tervezett', 'Minta idopont automatikusan generalva.'),
(157, 157, '2026-11-15 12:00:00', 'Eves karbantartas', 'tervezett', 'Minta idopont automatikusan generalva.'),
(158, 158, '2026-12-17 13:00:00', 'Eves karbantartas', 'tervezett', 'Minta idopont automatikusan generalva.'),
(159, 159, '2026-01-19 14:00:00', 'Eves karbantartas', 'tervezett', 'Minta idopont automatikusan generalva.'),
(160, 160, '2026-02-21 15:00:00', 'Eves karbantartas', 'tervezett', 'Minta idopont automatikusan generalva.'),
(161, 161, '2026-03-23 16:00:00', 'Eves karbantartas', 'tervezett', 'Minta idopont automatikusan generalva.'),
(162, 162, '2026-04-25 08:00:00', 'Eves karbantartas', 'tervezett', 'Minta idopont automatikusan generalva.'),
(163, 163, '2026-05-01 09:00:00', 'Eves karbantartas', 'tervezett', 'Minta idopont automatikusan generalva.'),
(164, 164, '2026-06-03 10:00:00', 'Eves karbantartas', 'tervezett', 'Minta idopont automatikusan generalva.'),
(165, 165, '2026-07-05 11:00:00', 'Eves karbantartas', 'tervezett', 'Minta idopont automatikusan generalva.'),
(166, 166, '2026-08-07 12:00:00', 'Eves karbantartas', 'tervezett', 'Minta idopont automatikusan generalva.'),
(167, 167, '2026-09-09 13:00:00', 'Eves karbantartas', 'tervezett', 'Minta idopont automatikusan generalva.'),
(168, 168, '2026-10-11 14:00:00', 'Eves karbantartas', 'tervezett', 'Minta idopont automatikusan generalva.'),
(169, 169, '2026-11-13 15:00:00', 'Eves karbantartas', 'tervezett', 'Minta idopont automatikusan generalva.'),
(170, 170, '2026-12-15 16:00:00', 'Eves karbantartas', 'tervezett', 'Minta idopont automatikusan generalva.'),
(171, 171, '2026-01-17 08:00:00', 'Eves karbantartas', 'tervezett', 'Minta idopont automatikusan generalva.'),
(172, 172, '2026-02-19 09:00:00', 'Eves karbantartas', 'tervezett', 'Minta idopont automatikusan generalva.'),
(173, 173, '2026-03-21 10:00:00', 'Eves karbantartas', 'tervezett', 'Minta idopont automatikusan generalva.'),
(174, 174, '2026-04-23 11:00:00', 'Eves karbantartas', 'tervezett', 'Minta idopont automatikusan generalva.'),
(175, 175, '2026-05-25 12:00:00', 'Eves karbantartas', 'tervezett', 'Minta idopont automatikusan generalva.'),
(176, 176, '2026-06-01 13:00:00', 'Eves karbantartas', 'tervezett', 'Minta idopont automatikusan generalva.'),
(177, 177, '2026-07-03 14:00:00', 'Eves karbantartas', 'tervezett', 'Minta idopont automatikusan generalva.'),
(178, 178, '2026-08-05 15:00:00', 'Eves karbantartas', 'tervezett', 'Minta idopont automatikusan generalva.'),
(179, 179, '2026-09-07 16:00:00', 'Eves karbantartas', 'tervezett', 'Minta idopont automatikusan generalva.'),
(180, 180, '2026-10-09 08:00:00', 'Eves karbantartas', 'tervezett', 'Minta idopont automatikusan generalva.'),
(181, 181, '2026-11-11 09:00:00', 'Eves karbantartas', 'tervezett', 'Minta idopont automatikusan generalva.'),
(182, 182, '2026-12-13 10:00:00', 'Eves karbantartas', 'tervezett', 'Minta idopont automatikusan generalva.'),
(183, 183, '2026-01-15 11:00:00', 'Eves karbantartas', 'tervezett', 'Minta idopont automatikusan generalva.'),
(184, 184, '2026-02-17 12:00:00', 'Eves karbantartas', 'tervezett', 'Minta idopont automatikusan generalva.'),
(185, 185, '2026-03-19 13:00:00', 'Eves karbantartas', 'tervezett', 'Minta idopont automatikusan generalva.'),
(186, 186, '2026-04-21 14:00:00', 'Eves karbantartas', 'tervezett', 'Minta idopont automatikusan generalva.'),
(187, 187, '2026-05-23 15:00:00', 'Eves karbantartas', 'tervezett', 'Minta idopont automatikusan generalva.'),
(188, 188, '2026-06-25 16:00:00', 'Eves karbantartas', 'tervezett', 'Minta idopont automatikusan generalva.'),
(189, 189, '2026-07-01 08:00:00', 'Eves karbantartas', 'tervezett', 'Minta idopont automatikusan generalva.'),
(190, 190, '2026-08-03 09:00:00', 'Eves karbantartas', 'tervezett', 'Minta idopont automatikusan generalva.'),
(191, 191, '2026-09-05 10:00:00', 'Eves karbantartas', 'tervezett', 'Minta idopont automatikusan generalva.'),
(192, 192, '2026-10-07 11:00:00', 'Eves karbantartas', 'tervezett', 'Minta idopont automatikusan generalva.'),
(193, 193, '2026-11-09 12:00:00', 'Eves karbantartas', 'tervezett', 'Minta idopont automatikusan generalva.'),
(194, 194, '2026-12-11 13:00:00', 'Eves karbantartas', 'tervezett', 'Minta idopont automatikusan generalva.'),
(195, 195, '2026-01-13 14:00:00', 'Eves karbantartas', 'tervezett', 'Minta idopont automatikusan generalva.'),
(196, 196, '2026-02-15 15:00:00', 'Eves karbantartas', 'tervezett', 'Minta idopont automatikusan generalva.'),
(197, 197, '2026-03-17 16:00:00', 'Eves karbantartas', 'tervezett', 'Minta idopont automatikusan generalva.'),
(198, 198, '2026-04-19 08:00:00', 'Eves karbantartas', 'tervezett', 'Minta idopont automatikusan generalva.'),
(199, 199, '2026-05-21 09:00:00', 'Eves karbantartas', 'tervezett', 'Minta idopont automatikusan generalva.'),
(200, 200, '2026-06-23 10:00:00', 'Eves karbantartas', 'tervezett', 'Minta idopont automatikusan generalva.');

SELECT type, COUNT(*) AS darab FROM equipment GROUP BY type ORDER BY type;
